customer_id,churned,churn_date
C00001,0,
C00002,0,
C00003,0,
C00004,0,
C00005,0,
C00006,0,
C00007,0,
C00008,0,
C00009,0,
C00010,0,
C00011,0,
C00012,1,2025-08-27
C00013,0,
C00014,1,2025-04-08
C00015,0,
C00016,1,2022-11-19
C00017,0,
C00018,0,
C00019,0,
C00020,0,
C00021,0,
C00022,0,
C00023,0,
C00024,0,
C00025,0,
C00026,0,
C00027,0,
C00028,0,
C00029,0,
C00030,0,
C00031,0,
C00032,0,
C00033,0,
C00034,0,
C00035,0,
C00036,0,
C00037,1,2025-05-03
C00038,1,2025-07-08
C00039,0,
C00040,0,
C00041,0,
C00042,0,
C00043,1,2025-07-31
C00044,1,2025-06-10
C00045,0,
C00046,0,
C00047,0,
C00048,0,
C00049,0,
C00050,0,
C00051,0,
C00052,0,
C00053,0,
C00054,0,
C00055,1,2025-03-14
C00056,1,2024-10-14
C00057,0,
C00058,0,
C00059,0,
C00060,0,
C00061,0,
C00062,1,2025-11-10
C00063,1,2025-11-10
C00064,0,
C00065,0,
C00066,0,
C00067,0,
C00068,0,
C00069,1,2025-04-21
C00070,1,2025-11-20
C00071,0,
C00072,0,
C00073,0,
C00074,0,
C00075,0,
C00076,0,
C00077,0,
C00078,0,
C00079,0,
C00080,0,
C00081,0,
C00082,0,
C00083,1,2025-10-19
C00084,0,
C00085,0,
C00086,0,
C00087,0,
C00088,0,
C00089,0,
C00090,0,
C00091,0,
C00092,1,2025-07-19
C00093,0,
C00094,1,2022-12-15
C00095,0,
C00096,0,
C00097,1,2025-12-30
C00098,0,
C00099,0,
C00100,0,
C00101,1,2025-06-09
C00102,0,
C00103,0,
C00104,0,
C00105,1,2025-07-16
C00106,0,
C00107,0,
C00108,0,
C00109,0,
C00110,0,
C00111,0,
C00112,0,
C00113,0,
C00114,0,
C00115,0,
C00116,0,
C00117,0,
C00118,0,
C00119,1,2023-06-15
C00120,1,2025-12-26
C00121,0,
C00122,0,
C00123,1,2025-12-17
C00124,1,2023-12-22
C00125,0,
C00126,0,
C00127,1,2024-03-01
C00128,0,
C00129,0,
C00130,0,
C00131,0,
C00132,1,2025-11-08
C00133,0,
C00134,0,
C00135,0,
C00136,1,2024-12-24
C00137,0,
C00138,0,
C00139,0,
C00140,0,
C00141,0,
C00142,0,
C00143,0,
C00144,0,
C00145,0,
C00146,0,
C00147,1,2024-05-27
C00148,1,2025-07-19
C00149,1,2025-04-07
C00150,0,
C00151,0,
C00152,1,2023-01-19
C00153,0,
C00154,0,
C00155,1,2023-08-28
C00156,0,
C00157,0,
C00158,0,
C00159,1,2025-08-07
C00160,0,
C00161,0,
C00162,1,2024-08-01
C00163,0,
C00164,0,
C00165,0,
C00166,0,
C00167,0,
C00168,0,
C00169,0,
C00170,0,
C00171,0,
C00172,1,2025-09-29
C00173,0,
C00174,0,
C00175,1,2025-11-25
C00176,0,
C00177,0,
C00178,0,
C00179,0,
C00180,0,
C00181,0,
C00182,1,2024-04-03
C00183,0,
C00184,0,
C00185,0,
C00186,0,
C00187,0,
C00188,0,
C00189,0,
C00190,0,
C00191,0,
C00192,0,
C00193,0,
C00194,1,2025-05-18
C00195,0,
C00196,1,2025-12-07
C00197,0,
C00198,0,
C00199,0,
C00200,0,
C00201,0,
C00202,0,
C00203,0,
C00204,1,2025-08-04
C00205,0,
C00206,0,
C00207,0,
C00208,0,
C00209,0,
C00210,0,
C00211,0,
C00212,0,
C00213,0,
C00214,0,
C00215,0,
C00216,0,
C00217,0,
C00218,0,
C00219,0,
C00220,0,
C00221,0,
C00222,1,2023-12-19
C00223,0,
C00224,0,
C00225,0,
C00226,0,
C00227,0,
C00228,0,
C00229,0,
C00230,0,
C00231,0,
C00232,0,
C00233,0,
C00234,0,
C00235,0,
C00236,0,
C00237,0,
C00238,0,
C00239,0,
C00240,0,
C00241,0,
C00242,0,
C00243,0,
C00244,1,2025-02-21
C00245,0,
C00246,0,
C00247,0,
C00248,0,
C00249,0,
C00250,0,
C00251,0,
C00252,1,2025-08-17
C00253,0,
C00254,0,
C00255,0,
C00256,0,
C00257,1,2025-07-29
C00258,1,2025-02-11
C00259,1,2025-09-04
C00260,1,2025-08-03
C00261,0,
C00262,0,
C00263,0,
C00264,0,
C00265,0,
C00266,1,2025-04-05
C00267,0,
C00268,1,2025-10-18
C00269,1,2025-07-26
C00270,0,
C00271,0,
C00272,0,
C00273,0,
C00274,1,2025-04-16
C00275,0,
C00276,0,
C00277,0,
C00278,0,
C00279,0,
C00280,0,
C00281,0,
C00282,0,
C00283,0,
C00284,0,
C00285,1,2023-10-01
C00286,0,
C00287,0,
C00288,0,
C00289,0,
C00290,0,
C00291,1,2025-05-05
C00292,0,
C00293,0,
C00294,0,
C00295,1,2025-10-08
C00296,0,
C00297,0,
C00298,0,
C00299,0,
C00300,0,
C00301,0,
C00302,0,
C00303,1,2024-10-28
C00304,0,
C00305,0,
C00306,0,
C00307,0,
C00308,0,
C00309,0,
C00310,0,
C00311,0,
C00312,0,
C00313,0,
C00314,1,2025-12-25
C00315,0,
C00316,0,
C00317,0,
C00318,0,
C00319,1,2023-06-10
C00320,0,
C00321,0,
C00322,1,2024-09-08
C00323,0,
C00324,0,
C00325,0,
C00326,0,
C00327,1,2024-10-23
C00328,1,2025-04-21
C00329,0,
C00330,0,
C00331,1,2025-04-19
C00332,0,
C00333,0,
C00334,0,
C00335,1,2025-10-06
C00336,0,
C00337,0,
C00338,0,
C00339,0,
C00340,0,
C00341,0,
C00342,0,
C00343,0,
C00344,0,
C00345,0,
C00346,0,
C00347,0,
C00348,0,
C00349,0,
C00350,0,
C00351,0,
C00352,0,
C00353,0,
C00354,0,
C00355,0,
C00356,0,
C00357,0,
C00358,0,
C00359,1,2022-07-06
C00360,0,
C00361,0,
C00362,0,
C00363,1,2025-09-23
C00364,0,
C00365,0,
C00366,0,
C00367,0,
C00368,0,
C00369,0,
C00370,1,2023-08-06
C00371,0,
C00372,1,2025-02-04
C00373,0,
C00374,0,
C00375,0,
C00376,1,2025-05-15
C00377,0,
C00378,0,
C00379,0,
C00380,0,
C00381,0,
C00382,0,
C00383,0,
C00384,1,2025-05-22
C00385,0,
C00386,0,
C00387,1,2023-08-15
C00388,0,
C00389,0,
C00390,0,
C00391,0,
C00392,0,
C00393,1,2023-10-30
C00394,0,
C00395,0,
C00396,0,
C00397,1,2025-11-04
C00398,1,2025-02-27
C00399,0,
C00400,0,
C00401,0,
C00402,0,
C00403,0,
C00404,0,
C00405,0,
C00406,0,
C00407,0,
C00408,0,
C00409,1,2025-12-24
C00410,0,
C00411,1,2025-07-24
C00412,0,
C00413,1,2024-09-26
C00414,0,
C00415,0,
C00416,0,
C00417,0,
C00418,0,
C00419,0,
C00420,0,
C00421,0,
C00422,1,2024-10-12
C00423,0,
C00424,0,
C00425,0,
C00426,0,
C00427,0,
C00428,0,
C00429,0,
C00430,1,2025-02-11
C00431,0,
C00432,0,
C00433,0,
C00434,0,
C00435,0,
C00436,0,
C00437,0,
C00438,0,
C00439,0,
C00440,0,
C00441,1,2024-10-28
C00442,0,
C00443,1,2025-08-14
C00444,0,
C00445,0,
C00446,0,
C00447,0,
C00448,0,
C00449,0,
C00450,0,
C00451,0,
C00452,0,
C00453,0,
C00454,0,
C00455,0,
C00456,0,
C00457,0,
C00458,0,
C00459,0,
C00460,0,
C00461,0,
C00462,1,2025-03-20
C00463,0,
C00464,0,
C00465,0,
C00466,0,
C00467,0,
C00468,0,
C00469,1,2025-05-14
C00470,1,2025-08-10
C00471,1,2025-08-16
C00472,0,
C00473,0,
C00474,0,
C00475,0,
C00476,0,
C00477,0,
C00478,0,
C00479,0,
C00480,0,
C00481,0,
C00482,0,
C00483,0,
C00484,0,
C00485,1,2023-12-12
C00486,0,
C00487,1,2025-12-07
C00488,0,
C00489,1,2024-08-14
C00490,0,
C00491,1,2025-04-16
C00492,1,2024-03-21
C00493,0,
C00494,0,
C00495,0,
C00496,0,
C00497,1,2025-02-19
C00498,0,
C00499,1,2025-12-27
C00500,1,2025-08-19
C00501,1,2025-01-23
C00502,0,
C00503,0,
C00504,0,
C00505,1,2025-06-13
C00506,0,
C00507,0,
C00508,0,
C00509,0,
C00510,0,
C00511,0,
C00512,0,
C00513,0,
C00514,0,
C00515,1,2025-12-27
C00516,0,
C00517,0,
C00518,0,
C00519,0,
C00520,0,
C00521,0,
C00522,0,
C00523,0,
C00524,0,
C00525,0,
C00526,0,
C00527,1,2025-06-06
C00528,0,
C00529,1,2024-03-08
C00530,0,
C00531,0,
C00532,0,
C00533,0,
C00534,0,
C00535,1,2025-10-08
C00536,0,
C00537,0,
C00538,0,
C00539,0,
C00540,0,
C00541,1,2025-12-27
C00542,0,
C00543,0,
C00544,0,
C00545,0,
C00546,0,
C00547,0,
C00548,0,
C00549,0,
C00550,0,
C00551,0,
C00552,1,2025-06-04
C00553,1,2025-09-12
C00554,1,2025-07-22
C00555,0,
C00556,0,
C00557,0,
C00558,0,
C00559,0,
C00560,0,
C00561,0,
C00562,0,
C00563,0,
C00564,0,
C00565,0,
C00566,0,
C00567,1,2024-09-18
C00568,1,2025-12-24
C00569,0,
C00570,1,2025-07-13
C00571,0,
C00572,0,
C00573,0,
C00574,0,
C00575,0,
C00576,0,
C00577,0,
C00578,0,
C00579,1,2024-10-04
C00580,1,2024-09-17
C00581,0,
C00582,0,
C00583,0,
C00584,0,
C00585,1,2025-01-07
C00586,0,
C00587,0,
C00588,0,
C00589,0,
C00590,0,
C00591,0,
C00592,0,
C00593,0,
C00594,0,
C00595,1,2025-08-09
C00596,1,2022-05-26
C00597,0,
C00598,0,
C00599,0,
C00600,0,
C00601,0,
C00602,0,
C00603,0,
C00604,1,2025-06-14
C00605,0,
C00606,0,
C00607,0,
C00608,0,
C00609,1,2024-08-25
C00610,0,
C00611,0,
C00612,1,2025-07-20
C00613,0,
C00614,0,
C00615,0,
C00616,0,
C00617,0,
C00618,1,2025-07-23
C00619,0,
C00620,1,2022-12-12
C00621,0,
C00622,0,
C00623,0,
C00624,0,
C00625,1,2025-11-13
C00626,0,
C00627,0,
C00628,0,
C00629,0,
C00630,1,2025-12-14
C00631,1,2025-11-20
C00632,0,
C00633,0,
C00634,0,
C00635,0,
C00636,0,
C00637,0,
C00638,1,2025-06-13
C00639,0,
C00640,0,
C00641,1,2024-03-09
C00642,0,
C00643,0,
C00644,0,
C00645,1,2022-05-25
C00646,1,2025-09-18
C00647,0,
C00648,0,
C00649,1,2024-05-13
C00650,0,
C00651,0,
C00652,0,
C00653,1,2025-07-19
C00654,0,
C00655,1,2023-12-10
C00656,0,
C00657,0,
C00658,0,
C00659,1,2025-03-21
C00660,0,
C00661,0,
C00662,0,
C00663,0,
C00664,1,2025-10-13
C00665,0,
C00666,0,
C00667,0,
C00668,0,
C00669,0,
C00670,1,2025-11-09
C00671,0,
C00672,0,
C00673,0,
C00674,0,
C00675,0,
C00676,0,
C00677,0,
C00678,0,
C00679,0,
C00680,0,
C00681,1,2025-12-17
C00682,0,
C00683,0,
C00684,0,
C00685,0,
C00686,0,
C00687,0,
C00688,0,
C00689,0,
C00690,0,
C00691,1,2025-11-28
C00692,0,
C00693,0,
C00694,1,2024-10-19
C00695,0,
C00696,0,
C00697,0,
C00698,1,2025-10-23
C00699,0,
C00700,0,
C00701,0,
C00702,0,
C00703,0,
C00704,0,
C00705,0,
C00706,1,2024-12-28
C00707,0,
C00708,0,
C00709,0,
C00710,0,
C00711,0,
C00712,0,
C00713,0,
C00714,0,
C00715,0,
C00716,0,
C00717,1,2022-04-30
C00718,0,
C00719,0,
C00720,0,
C00721,0,
C00722,0,
C00723,0,
C00724,0,
C00725,0,
C00726,1,2025-09-18
C00727,0,
C00728,0,
C00729,0,
C00730,0,
C00731,0,
C00732,0,
C00733,0,
C00734,0,
C00735,0,
C00736,0,
C00737,0,
C00738,0,
C00739,0,
C00740,0,
C00741,1,2025-09-22
C00742,0,
C00743,0,
C00744,0,
C00745,0,
C00746,0,
C00747,0,
C00748,0,
C00749,0,
C00750,1,2024-09-03
C00751,1,2025-09-18
C00752,0,
C00753,0,
C00754,0,
C00755,0,
C00756,0,
C00757,0,
C00758,0,
C00759,0,
C00760,0,
C00761,0,
C00762,0,
C00763,0,
C00764,0,
C00765,0,
C00766,0,
C00767,0,
C00768,1,2025-05-25
C00769,0,
C00770,0,
C00771,0,
C00772,1,2025-04-17
C00773,0,
C00774,0,
C00775,0,
C00776,0,
C00777,0,
C00778,0,
C00779,0,
C00780,1,2024-08-15
C00781,0,
C00782,0,
C00783,0,
C00784,0,
C00785,0,
C00786,0,
C00787,0,
C00788,0,
C00789,0,
C00790,1,2025-11-12
C00791,1,2023-12-07
C00792,0,
C00793,0,
C00794,0,
C00795,0,
C00796,0,
C00797,0,
C00798,0,
C00799,0,
C00800,0,
C00801,0,
C00802,1,2023-12-23
C00803,0,
C00804,0,
C00805,1,2025-09-18
C00806,0,
C00807,0,
C00808,0,
C00809,1,2024-05-22
C00810,0,
C00811,0,
C00812,1,2022-09-07
C00813,0,
C00814,0,
C00815,0,
C00816,0,
C00817,0,
C00818,0,
C00819,0,
C00820,0,
C00821,0,
C00822,1,2025-10-20
C00823,0,
C00824,0,
C00825,0,
C00826,0,
C00827,1,2025-02-06
C00828,0,
C00829,0,
C00830,0,
C00831,0,
C00832,1,2025-05-07
C00833,0,
C00834,0,
C00835,0,
C00836,0,
C00837,0,
C00838,1,2025-09-16
C00839,0,
C00840,1,2025-11-02
C00841,0,
C00842,0,
C00843,0,
C00844,0,
C00845,0,
C00846,0,
C00847,1,2025-12-23
C00848,0,
C00849,0,
C00850,0,
C00851,0,
C00852,1,2024-11-26
C00853,0,
C00854,0,
C00855,0,
C00856,0,
C00857,0,
C00858,0,
C00859,0,
C00860,0,
C00861,0,
C00862,0,
C00863,1,2025-08-14
C00864,0,
C00865,0,
C00866,1,2025-04-05
C00867,1,2025-12-20
C00868,0,
C00869,0,
C00870,1,2025-04-28
C00871,0,
C00872,1,2025-12-28
C00873,0,
C00874,0,
C00875,0,
C00876,0,
C00877,1,2023-11-01
C00878,0,
C00879,1,2024-08-28
C00880,1,2025-05-31
C00881,1,2025-06-25
C00882,0,
C00883,0,
C00884,0,
C00885,0,
C00886,0,
C00887,0,
C00888,1,2025-03-20
C00889,0,
C00890,0,
C00891,0,
C00892,0,
C00893,0,
C00894,0,
C00895,0,
C00896,1,2025-08-03
C00897,1,2024-11-27
C00898,0,
C00899,1,2025-10-27
C00900,1,2024-08-09
C00901,0,
C00902,0,
C00903,0,
C00904,1,2024-07-30
C00905,0,
C00906,0,
C00907,1,2025-05-15
C00908,0,
C00909,0,
C00910,1,2025-12-29
C00911,0,
C00912,1,2024-02-23
C00913,0,
C00914,0,
C00915,0,
C00916,0,
C00917,0,
C00918,0,
C00919,0,
C00920,0,
C00921,0,
C00922,1,2025-12-10
C00923,0,
C00924,0,
C00925,0,
C00926,0,
C00927,0,
C00928,0,
C00929,0,
C00930,0,
C00931,0,
C00932,0,
C00933,0,
C00934,1,2024-06-14
C00935,0,
C00936,0,
C00937,0,
C00938,0,
C00939,1,2023-06-17
C00940,1,2025-11-28
C00941,0,
C00942,0,
C00943,0,
C00944,0,
C00945,1,2023-02-15
C00946,0,
C00947,0,
C00948,0,
C00949,0,
C00950,1,2025-10-28
C00951,0,
C00952,0,
C00953,1,2025-04-06
C00954,0,
C00955,0,
C00956,0,
C00957,0,
C00958,0,
C00959,0,
C00960,0,
C00961,0,
C00962,0,
C00963,0,
C00964,1,2025-05-23
C00965,0,
C00966,0,
C00967,0,
C00968,0,
C00969,0,
C00970,1,2024-08-03
C00971,0,
C00972,0,
C00973,0,
C00974,0,
C00975,1,2025-12-20
C00976,0,
C00977,0,
C00978,0,
C00979,0,
C00980,1,2025-07-01
C00981,0,
C00982,0,
C00983,0,
C00984,0,
C00985,0,
C00986,0,
C00987,0,
C00988,0,
C00989,0,
C00990,0,
C00991,0,
C00992,0,
C00993,0,
C00994,0,
C00995,1,2025-11-22
C00996,0,
C00997,0,
C00998,0,
C00999,0,
C01000,0,
C01001,0,
C01002,0,
C01003,0,
C01004,0,
C01005,0,
C01006,0,
C01007,0,
C01008,0,
C01009,1,2025-08-17
C01010,0,
C01011,1,2025-07-16
C01012,0,
C01013,0,
C01014,0,
C01015,0,
C01016,0,
C01017,0,
C01018,0,
C01019,0,
C01020,0,
C01021,0,
C01022,1,2025-08-24
C01023,0,
C01024,0,
C01025,0,
C01026,0,
C01027,0,
C01028,1,2024-03-24
C01029,0,
C01030,0,
C01031,0,
C01032,0,
C01033,0,
C01034,0,
C01035,1,2023-05-07
C01036,0,
C01037,1,2025-10-03
C01038,0,
C01039,0,
C01040,0,
C01041,1,2025-10-18
C01042,0,
C01043,0,
C01044,0,
C01045,0,
C01046,0,
C01047,0,
C01048,1,2025-12-08
C01049,0,
C01050,1,2025-11-23
C01051,0,
C01052,0,
C01053,0,
C01054,0,
C01055,0,
C01056,0,
C01057,0,
C01058,0,
C01059,1,2025-11-08
C01060,0,
C01061,0,
C01062,1,2024-06-30
C01063,0,
C01064,0,
C01065,0,
C01066,0,
C01067,0,
C01068,0,
C01069,0,
C01070,0,
C01071,0,
C01072,0,
C01073,0,
C01074,0,
C01075,0,
C01076,1,2025-06-11
C01077,0,
C01078,0,
C01079,1,2023-04-29
C01080,0,
C01081,0,
C01082,0,
C01083,1,2024-01-07
C01084,1,2025-07-11
C01085,1,2025-10-14
C01086,0,
C01087,0,
C01088,1,2024-12-28
C01089,0,
C01090,0,
C01091,0,
C01092,0,
C01093,0,
C01094,0,
C01095,1,2025-12-07
C01096,0,
C01097,0,
C01098,0,
C01099,0,
C01100,0,
C01101,0,
C01102,0,
C01103,0,
C01104,0,
C01105,0,
C01106,0,
C01107,0,
C01108,1,2024-08-24
C01109,0,
C01110,0,
C01111,0,
C01112,0,
C01113,0,
C01114,0,
C01115,0,
C01116,0,
C01117,0,
C01118,0,
C01119,0,
C01120,0,
C01121,0,
C01122,0,
C01123,0,
C01124,1,2025-08-15
C01125,0,
C01126,0,
C01127,0,
C01128,1,2024-11-24
C01129,0,
C01130,0,
C01131,0,
C01132,0,
C01133,0,
C01134,0,
C01135,1,2025-08-12
C01136,0,
C01137,1,2023-06-24
C01138,0,
C01139,1,2025-05-02
C01140,0,
C01141,0,
C01142,0,
C01143,0,
C01144,0,
C01145,1,2023-12-12
C01146,0,
C01147,0,
C01148,0,
C01149,0,
C01150,0,
C01151,0,
C01152,0,
C01153,1,2025-07-19
C01154,0,
C01155,0,
C01156,1,2025-12-09
C01157,0,
C01158,0,
C01159,0,
C01160,0,
C01161,0,
C01162,0,
C01163,0,
C01164,0,
C01165,0,
C01166,0,
C01167,0,
C01168,0,
C01169,0,
C01170,0,
C01171,1,2025-01-21
C01172,0,
C01173,0,
C01174,0,
C01175,0,
C01176,0,
C01177,0,
C01178,0,
C01179,0,
C01180,0,
C01181,0,
C01182,0,
C01183,0,
C01184,0,
C01185,0,
C01186,1,2022-11-28
C01187,0,
C01188,0,
C01189,0,
C01190,0,
C01191,0,
C01192,0,
C01193,0,
C01194,1,2024-07-28
C01195,0,
C01196,0,
C01197,0,
C01198,0,
C01199,0,
C01200,0,
C01201,0,
C01202,0,
C01203,0,
C01204,1,2025-01-04
C01205,0,
C01206,0,
C01207,1,2025-06-19
C01208,0,
C01209,0,
C01210,0,
C01211,1,2025-11-25
C01212,0,
C01213,1,2025-10-06
C01214,0,
C01215,0,
C01216,1,2025-03-14
C01217,1,2025-12-25
C01218,0,
C01219,0,
C01220,0,
C01221,0,
C01222,0,
C01223,0,
C01224,1,2024-09-09
C01225,1,2023-03-25
C01226,0,
C01227,0,
C01228,0,
C01229,0,
C01230,0,
C01231,0,
C01232,0,
C01233,0,
C01234,0,
C01235,0,
C01236,0,
C01237,0,
C01238,0,
C01239,1,2025-05-15
C01240,0,
C01241,0,
C01242,0,
C01243,0,
C01244,0,
C01245,1,2025-12-02
C01246,0,
C01247,0,
C01248,0,
C01249,1,2023-06-10
C01250,0,
C01251,0,
C01252,0,
C01253,0,
C01254,0,
C01255,0,
C01256,0,
C01257,0,
C01258,1,2023-01-16
C01259,0,
C01260,1,2024-05-02
C01261,0,
C01262,0,
C01263,1,2022-12-27
C01264,0,
C01265,1,2025-05-02
C01266,0,
C01267,0,
C01268,0,
C01269,0,
C01270,0,
C01271,0,
C01272,0,
C01273,0,
C01274,0,
C01275,1,2025-04-24
C01276,0,
C01277,0,
C01278,1,2025-02-21
C01279,0,
C01280,0,
C01281,0,
C01282,0,
C01283,0,
C01284,0,
C01285,0,
C01286,1,2025-08-12
C01287,0,
C01288,1,2024-05-16
C01289,0,
C01290,0,
C01291,0,
C01292,0,
C01293,0,
C01294,1,2025-01-28
C01295,0,
C01296,1,2024-07-10
C01297,1,2025-01-13
C01298,0,
C01299,0,
C01300,0,
C01301,1,2023-11-08
C01302,0,
C01303,0,
C01304,0,
C01305,0,
C01306,0,
C01307,0,
C01308,0,
C01309,0,
C01310,0,
C01311,0,
C01312,0,
C01313,1,2025-03-18
C01314,0,
C01315,0,
C01316,0,
C01317,0,
C01318,0,
C01319,0,
C01320,0,
C01321,0,
C01322,0,
C01323,1,2025-08-09
C01324,0,
C01325,0,
C01326,0,
C01327,0,
C01328,0,
C01329,0,
C01330,0,
C01331,0,
C01332,0,
C01333,1,2024-12-30
C01334,0,
C01335,0,
C01336,0,
C01337,0,
C01338,0,
C01339,0,
C01340,1,2024-09-09
C01341,1,2024-12-02
C01342,0,
C01343,0,
C01344,0,
C01345,0,
C01346,0,
C01347,0,
C01348,1,2025-09-24
C01349,0,
C01350,0,
C01351,0,
C01352,0,
C01353,0,
C01354,0,
C01355,0,
C01356,1,2025-05-08
C01357,1,2025-01-13
C01358,0,
C01359,1,2025-03-26
C01360,0,
C01361,0,
C01362,0,
C01363,0,
C01364,0,
C01365,0,
C01366,0,
C01367,1,2025-07-29
C01368,0,
C01369,0,
C01370,0,
C01371,0,
C01372,0,
C01373,0,
C01374,0,
C01375,0,
C01376,0,
C01377,0,
C01378,0,
C01379,0,
C01380,0,
C01381,1,2025-11-27
C01382,0,
C01383,0,
C01384,0,
C01385,0,
C01386,0,
C01387,0,
C01388,0,
C01389,0,
C01390,0,
C01391,1,2024-03-17
C01392,0,
C01393,0,
C01394,0,
C01395,0,
C01396,0,
C01397,0,
C01398,0,
C01399,1,2024-03-01
C01400,0,
C01401,1,2025-08-05
C01402,0,
C01403,0,
C01404,1,2025-08-07
C01405,0,
C01406,0,
C01407,0,
C01408,0,
C01409,0,
C01410,0,
C01411,0,
C01412,0,
C01413,1,2025-12-01
C01414,0,
C01415,0,
C01416,0,
C01417,0,
C01418,0,
C01419,1,2025-04-08
C01420,0,
C01421,0,
C01422,0,
C01423,0,
C01424,0,
C01425,1,2025-09-20
C01426,0,
C01427,0,
C01428,0,
C01429,0,
C01430,0,
C01431,0,
C01432,0,
C01433,0,
C01434,0,
C01435,1,2025-03-22
C01436,1,2024-02-18
C01437,0,
C01438,0,
C01439,1,2025-09-12
C01440,1,2023-12-15
C01441,0,
C01442,0,
C01443,0,
C01444,0,
C01445,0,
C01446,0,
C01447,0,
C01448,0,
C01449,0,
C01450,0,
C01451,0,
C01452,0,
C01453,0,
C01454,0,
C01455,0,
C01456,0,
C01457,0,
C01458,1,2025-10-31
C01459,0,
C01460,0,
C01461,0,
C01462,1,2025-12-10
C01463,0,
C01464,0,
C01465,0,
C01466,0,
C01467,0,
C01468,0,
C01469,0,
C01470,0,
C01471,0,
C01472,0,
C01473,1,2022-09-15
C01474,0,
C01475,0,
C01476,1,2025-08-21
C01477,0,
C01478,0,
C01479,1,2025-06-19
C01480,0,
C01481,1,2023-11-05
C01482,1,2024-12-14
C01483,0,
C01484,1,2023-05-29
C01485,0,
C01486,0,
C01487,0,
C01488,0,
C01489,1,2024-11-18
C01490,0,
C01491,0,
C01492,0,
C01493,1,2025-04-19
C01494,1,2024-07-29
C01495,0,
C01496,0,
C01497,1,2025-02-13
C01498,0,
C01499,0,
C01500,1,2023-01-26
C01501,0,
C01502,0,
C01503,0,
C01504,0,
C01505,1,2024-11-18
C01506,0,
C01507,0,
C01508,0,
C01509,0,
C01510,1,2023-12-12
C01511,0,
C01512,0,
C01513,0,
C01514,1,2024-06-21
C01515,0,
C01516,0,
C01517,0,
C01518,0,
C01519,0,
C01520,0,
C01521,1,2025-07-01
C01522,0,
C01523,0,
C01524,0,
C01525,0,
C01526,0,
C01527,0,
C01528,0,
C01529,0,
C01530,0,
C01531,0,
C01532,0,
C01533,0,
C01534,0,
C01535,0,
C01536,1,2024-02-09
C01537,1,2025-08-14
C01538,0,
C01539,0,
C01540,0,
C01541,0,
C01542,0,
C01543,1,2023-04-21
C01544,0,
C01545,1,2025-11-17
C01546,1,2024-03-04
C01547,0,
C01548,0,
C01549,0,
C01550,1,2025-04-29
C01551,0,
C01552,0,
C01553,0,
C01554,0,
C01555,0,
C01556,0,
C01557,1,2024-10-27
C01558,0,
C01559,0,
C01560,0,
C01561,0,
C01562,0,
C01563,0,
C01564,0,
C01565,1,2025-09-20
C01566,1,2025-12-29
C01567,1,2025-12-25
C01568,0,
C01569,0,
C01570,0,
C01571,1,2025-10-31
C01572,0,
C01573,0,
C01574,0,
C01575,0,
C01576,0,
C01577,0,
C01578,0,
C01579,0,
C01580,1,2025-09-16
C01581,0,
C01582,1,2025-05-11
C01583,0,
C01584,0,
C01585,0,
C01586,0,
C01587,1,2023-05-20
C01588,0,
C01589,1,2024-10-23
C01590,0,
C01591,1,2025-05-09
C01592,0,
C01593,0,
C01594,0,
C01595,0,
C01596,0,
C01597,0,
C01598,0,
C01599,0,
C01600,0,
C01601,0,
C01602,0,
C01603,0,
C01604,1,2025-09-07
C01605,0,
C01606,0,
C01607,0,
C01608,1,2025-09-25
C01609,0,
C01610,1,2025-11-03
C01611,0,
C01612,0,
C01613,1,2025-07-31
C01614,0,
C01615,0,
C01616,0,
C01617,0,
C01618,0,
C01619,1,2023-01-30
C01620,0,
C01621,0,
C01622,0,
C01623,1,2025-06-30
C01624,0,
C01625,0,
C01626,0,
C01627,1,2023-09-01
C01628,0,
C01629,0,
C01630,0,
C01631,1,2025-01-29
C01632,0,
C01633,1,2023-03-17
C01634,0,
C01635,0,
C01636,0,
C01637,0,
C01638,1,2024-08-02
C01639,0,
C01640,0,
C01641,0,
C01642,0,
C01643,0,
C01644,0,
C01645,0,
C01646,0,
C01647,0,
C01648,0,
C01649,0,
C01650,1,2025-08-25
C01651,0,
C01652,0,
C01653,0,
C01654,0,
C01655,0,
C01656,0,
C01657,0,
C01658,0,
C01659,0,
C01660,0,
C01661,0,
C01662,0,
C01663,0,
C01664,0,
C01665,0,
C01666,0,
C01667,0,
C01668,0,
C01669,1,2024-05-05
C01670,0,
C01671,0,
C01672,1,2025-05-31
C01673,0,
C01674,0,
C01675,0,
C01676,0,
C01677,0,
C01678,0,
C01679,0,
C01680,0,
C01681,0,
C01682,0,
C01683,0,
C01684,0,
C01685,0,
C01686,0,
C01687,0,
C01688,0,
C01689,0,
C01690,0,
C01691,0,
C01692,0,
C01693,0,
C01694,1,2024-04-09
C01695,1,2025-12-02
C01696,0,
C01697,0,
C01698,1,2025-04-18
C01699,0,
C01700,1,2025-10-16
C01701,1,2024-03-25
C01702,0,
C01703,0,
C01704,0,
C01705,0,
C01706,0,
C01707,1,2025-12-31
C01708,0,
C01709,1,2023-03-27
C01710,0,
C01711,0,
C01712,1,2025-09-17
C01713,0,
C01714,0,
C01715,0,
C01716,0,
C01717,0,
C01718,1,2025-09-27
C01719,0,
C01720,0,
C01721,0,
C01722,0,
C01723,0,
C01724,0,
C01725,0,
C01726,1,2025-09-10
C01727,0,
C01728,0,
C01729,0,
C01730,0,
C01731,0,
C01732,0,
C01733,1,2024-07-24
C01734,0,
C01735,0,
C01736,0,
C01737,0,
C01738,0,
C01739,0,
C01740,0,
C01741,0,
C01742,0,
C01743,0,
C01744,0,
C01745,0,
C01746,1,2025-09-29
C01747,0,
C01748,0,
C01749,0,
C01750,1,2023-12-10
C01751,1,2025-12-29
C01752,0,
C01753,0,
C01754,1,2024-07-04
C01755,1,2025-06-20
C01756,0,
C01757,0,
C01758,1,2025-12-13
C01759,0,
C01760,0,
C01761,0,
C01762,1,2025-03-21
C01763,0,
C01764,0,
C01765,0,
C01766,0,
C01767,1,2025-02-28
C01768,0,
C01769,0,
C01770,1,2024-02-12
C01771,0,
C01772,0,
C01773,0,
C01774,0,
C01775,0,
C01776,0,
C01777,0,
C01778,1,2024-05-16
C01779,1,2025-09-10
C01780,0,
C01781,0,
C01782,0,
C01783,0,
C01784,0,
C01785,0,
C01786,0,
C01787,1,2024-11-30
C01788,0,
C01789,0,
C01790,0,
C01791,0,
C01792,0,
C01793,0,
C01794,0,
C01795,0,
C01796,1,2025-11-06
C01797,0,
C01798,1,2025-02-01
C01799,0,
C01800,0,
C01801,0,
C01802,0,
C01803,0,
C01804,1,2025-05-12
C01805,1,2025-06-27
C01806,0,
C01807,0,
C01808,0,
C01809,0,
C01810,0,
C01811,0,
C01812,0,
C01813,0,
C01814,1,2025-04-24
C01815,1,2024-09-27
C01816,0,
C01817,0,
C01818,0,
C01819,0,
C01820,0,
C01821,1,2025-02-16
C01822,0,
C01823,0,
C01824,0,
C01825,1,2025-11-19
C01826,0,
C01827,1,2025-12-23
C01828,1,2024-11-18
C01829,0,
C01830,0,
C01831,1,2025-09-06
C01832,0,
C01833,0,
C01834,0,
C01835,1,2025-12-20
C01836,0,
C01837,0,
C01838,0,
C01839,1,2025-08-24
C01840,0,
C01841,0,
C01842,0,
C01843,0,
C01844,1,2024-04-15
C01845,0,
C01846,0,
C01847,0,
C01848,0,
C01849,0,
C01850,1,2025-05-01
C01851,0,
C01852,0,
C01853,1,2023-04-04
C01854,1,2024-03-17
C01855,0,
C01856,1,2025-10-06
C01857,0,
C01858,0,
C01859,0,
C01860,0,
C01861,1,2024-10-25
C01862,0,
C01863,0,
C01864,0,
C01865,0,
C01866,0,
C01867,0,
C01868,0,
C01869,1,2025-08-23
C01870,1,2023-05-14
C01871,0,
C01872,0,
C01873,0,
C01874,1,2025-02-05
C01875,0,
C01876,1,2023-02-08
C01877,0,
C01878,0,
C01879,0,
C01880,0,
C01881,1,2025-12-08
C01882,0,
C01883,0,
C01884,0,
C01885,0,
C01886,0,
C01887,0,
C01888,0,
C01889,0,
C01890,0,
C01891,0,
C01892,0,
C01893,0,
C01894,0,
C01895,0,
C01896,1,2023-12-27
C01897,1,2025-07-02
C01898,1,2023-09-26
C01899,0,
C01900,0,
C01901,0,
C01902,1,2023-04-07
C01903,0,
C01904,0,
C01905,0,
C01906,0,
C01907,0,
C01908,0,
C01909,0,
C01910,0,
C01911,1,2022-09-03
C01912,0,
C01913,1,2024-12-29
C01914,0,
C01915,0,
C01916,0,
C01917,0,
C01918,0,
C01919,0,
C01920,0,
C01921,0,
C01922,0,
C01923,1,2025-11-28
C01924,0,
C01925,0,
C01926,0,
C01927,1,2025-08-27
C01928,0,
C01929,0,
C01930,0,
C01931,0,
C01932,0,
C01933,1,2025-11-10
C01934,0,
C01935,0,
C01936,0,
C01937,0,
C01938,0,
C01939,1,2024-08-22
C01940,1,2024-11-05
C01941,0,
C01942,0,
C01943,0,
C01944,1,2025-11-17
C01945,0,
C01946,0,
C01947,0,
C01948,0,
C01949,0,
C01950,0,
C01951,0,
C01952,1,2025-09-21
C01953,0,
C01954,0,
C01955,0,
C01956,0,
C01957,0,
C01958,0,
C01959,0,
C01960,0,
C01961,1,2025-11-08
C01962,1,2024-12-03
C01963,0,
C01964,0,
C01965,1,2025-12-31
C01966,0,
C01967,0,
C01968,0,
C01969,0,
C01970,0,
C01971,0,
C01972,0,
C01973,0,
C01974,0,
C01975,0,
C01976,0,
C01977,0,
C01978,0,
C01979,0,
C01980,0,
C01981,0,
C01982,0,
C01983,0,
C01984,0,
C01985,1,2025-11-10
C01986,0,
C01987,0,
C01988,1,2025-12-28
C01989,1,2025-01-03
C01990,0,
C01991,0,
C01992,0,
C01993,1,2025-05-23
C01994,0,
C01995,0,
C01996,1,2025-11-13
C01997,0,
C01998,0,
C01999,0,
C02000,0,
C02001,1,2024-11-14
C02002,0,
C02003,0,
C02004,1,2025-11-26
C02005,0,
C02006,0,
C02007,0,
C02008,0,
C02009,0,
C02010,0,
C02011,1,2024-07-05
C02012,0,
C02013,0,
C02014,1,2025-09-13
C02015,0,
C02016,1,2025-11-11
C02017,0,
C02018,0,
C02019,0,
C02020,0,
C02021,0,
C02022,0,
C02023,0,
C02024,0,
C02025,0,
C02026,0,
C02027,0,
C02028,1,2023-07-23
C02029,0,
C02030,0,
C02031,0,
C02032,1,2025-08-02
C02033,0,
C02034,0,
C02035,0,
C02036,1,2025-08-02
C02037,0,
C02038,0,
C02039,0,
C02040,0,
C02041,0,
C02042,0,
C02043,1,2025-11-10
C02044,0,
C02045,0,
C02046,0,
C02047,0,
C02048,0,
C02049,0,
C02050,1,2024-03-23
C02051,0,
C02052,0,
C02053,0,
C02054,0,
C02055,0,
C02056,0,
C02057,0,
C02058,0,
C02059,0,
C02060,0,
C02061,0,
C02062,0,
C02063,1,2025-05-26
C02064,0,
C02065,0,
C02066,0,
C02067,0,
C02068,1,2025-10-22
C02069,0,
C02070,0,
C02071,0,
C02072,0,
C02073,0,
C02074,0,
C02075,0,
C02076,0,
C02077,0,
C02078,0,
C02079,0,
C02080,0,
C02081,0,
C02082,0,
C02083,0,
C02084,0,
C02085,0,
C02086,0,
C02087,0,
C02088,0,
C02089,1,2025-11-29
C02090,0,
C02091,0,
C02092,0,
C02093,0,
C02094,1,2025-12-29
C02095,0,
C02096,0,
C02097,0,
C02098,0,
C02099,0,
C02100,0,
C02101,1,2023-03-19
C02102,0,
C02103,0,
C02104,0,
C02105,0,
C02106,0,
C02107,1,2025-02-04
C02108,0,
C02109,0,
C02110,0,
C02111,0,
C02112,0,
C02113,1,2024-12-14
C02114,0,
C02115,0,
C02116,0,
C02117,0,
C02118,1,2025-04-26
C02119,0,
C02120,0,
C02121,0,
C02122,0,
C02123,0,
C02124,0,
C02125,0,
C02126,1,2025-04-16
C02127,0,
C02128,0,
C02129,0,
C02130,0,
C02131,0,
C02132,0,
C02133,1,2025-10-22
C02134,0,
C02135,0,
C02136,0,
C02137,0,
C02138,0,
C02139,0,
C02140,0,
C02141,1,2024-03-03
C02142,0,
C02143,0,
C02144,1,2025-01-25
C02145,1,2025-10-30
C02146,0,
C02147,0,
C02148,0,
C02149,0,
C02150,0,
C02151,0,
C02152,1,2025-02-01
C02153,0,
C02154,0,
C02155,0,
C02156,0,
C02157,0,
C02158,1,2025-06-26
C02159,0,
C02160,0,
C02161,0,
C02162,0,
C02163,0,
C02164,0,
C02165,0,
C02166,0,
C02167,0,
C02168,0,
C02169,0,
C02170,0,
C02171,0,
C02172,0,
C02173,1,2025-07-06
C02174,0,
C02175,0,
C02176,0,
C02177,0,
C02178,0,
C02179,0,
C02180,0,
C02181,0,
C02182,0,
C02183,0,
C02184,1,2025-09-29
C02185,0,
C02186,1,2025-03-25
C02187,0,
C02188,0,
C02189,0,
C02190,0,
C02191,0,
C02192,0,
C02193,0,
C02194,0,
C02195,1,2024-04-21
C02196,0,
C02197,0,
C02198,0,
C02199,0,
C02200,1,2025-04-05
C02201,0,
C02202,1,2024-07-29
C02203,0,
C02204,0,
C02205,0,
C02206,0,
C02207,1,2025-05-03
C02208,1,2023-12-23
C02209,0,
C02210,0,
C02211,1,2024-04-01
C02212,0,
C02213,0,
C02214,0,
C02215,1,2025-10-14
C02216,0,
C02217,0,
C02218,1,2025-12-10
C02219,0,
C02220,0,
C02221,0,
C02222,0,
C02223,0,
C02224,0,
C02225,0,
C02226,0,
C02227,0,
C02228,0,
C02229,0,
C02230,0,
C02231,0,
C02232,1,2025-11-27
C02233,0,
C02234,1,2025-12-11
C02235,0,
C02236,0,
C02237,0,
C02238,0,
C02239,0,
C02240,1,2025-09-22
C02241,0,
C02242,0,
C02243,0,
C02244,0,
C02245,0,
C02246,0,
C02247,0,
C02248,0,
C02249,0,
C02250,0,
C02251,1,2025-01-09
C02252,0,
C02253,1,2025-10-11
C02254,0,
C02255,0,
C02256,0,
C02257,1,2024-10-14
C02258,0,
C02259,0,
C02260,0,
C02261,0,
C02262,0,
C02263,0,
C02264,0,
C02265,0,
C02266,0,
C02267,0,
C02268,1,2025-05-31
C02269,0,
C02270,0,
C02271,0,
C02272,0,
C02273,0,
C02274,0,
C02275,0,
C02276,0,
C02277,0,
C02278,1,2023-04-22
C02279,0,
C02280,0,
C02281,0,
C02282,0,
C02283,1,2025-05-10
C02284,0,
C02285,0,
C02286,1,2024-11-04
C02287,0,
C02288,0,
C02289,1,2024-05-20
C02290,0,
C02291,0,
C02292,0,
C02293,0,
C02294,0,
C02295,0,
C02296,0,
C02297,0,
C02298,0,
C02299,0,
C02300,0,
C02301,0,
C02302,1,2025-11-25
C02303,1,2023-02-13
C02304,1,2025-04-29
C02305,0,
C02306,0,
C02307,0,
C02308,0,
C02309,1,2025-12-17
C02310,0,
C02311,1,2025-03-07
C02312,1,2025-10-24
C02313,1,2025-12-16
C02314,0,
C02315,0,
C02316,0,
C02317,0,
C02318,0,
C02319,0,
C02320,0,
C02321,0,
C02322,0,
C02323,0,
C02324,1,2025-12-16
C02325,0,
C02326,0,
C02327,0,
C02328,0,
C02329,0,
C02330,0,
C02331,0,
C02332,0,
C02333,0,
C02334,0,
C02335,0,
C02336,0,
C02337,1,2025-12-24
C02338,0,
C02339,0,
C02340,0,
C02341,0,
C02342,0,
C02343,0,
C02344,1,2025-12-18
C02345,0,
C02346,0,
C02347,0,
C02348,0,
C02349,0,
C02350,0,
C02351,0,
C02352,0,
C02353,0,
C02354,0,
C02355,0,
C02356,0,
C02357,0,
C02358,1,2025-10-01
C02359,1,2025-10-10
C02360,0,
C02361,0,
C02362,0,
C02363,0,
C02364,0,
C02365,1,2025-11-29
C02366,1,2023-01-18
C02367,0,
C02368,0,
C02369,0,
C02370,0,
C02371,0,
C02372,0,
C02373,0,
C02374,0,
C02375,0,
C02376,0,
C02377,0,
C02378,0,
C02379,1,2024-01-22
C02380,1,2023-11-01
C02381,0,
C02382,0,
C02383,0,
C02384,0,
C02385,0,
C02386,0,
C02387,0,
C02388,1,2024-09-30
C02389,0,
C02390,0,
C02391,0,
C02392,0,
C02393,1,2025-10-02
C02394,1,2023-05-09
C02395,1,2024-01-26
C02396,0,
C02397,0,
C02398,1,2024-03-27
C02399,0,
C02400,0,
C02401,0,
C02402,0,
C02403,0,
C02404,0,
C02405,0,
C02406,0,
C02407,0,
C02408,0,
C02409,0,
C02410,0,
C02411,0,
C02412,0,
C02413,0,
C02414,0,
C02415,0,
C02416,0,
C02417,0,
C02418,0,
C02419,0,
C02420,0,
C02421,0,
C02422,0,
C02423,0,
C02424,1,2025-06-26
C02425,0,
C02426,0,
C02427,0,
C02428,0,
C02429,0,
C02430,0,
C02431,0,
C02432,0,
C02433,0,
C02434,0,
C02435,0,
C02436,0,
C02437,0,
C02438,1,2025-12-31
C02439,0,
C02440,0,
C02441,0,
C02442,1,2025-04-07
C02443,0,
C02444,0,
C02445,0,
C02446,0,
C02447,0,
C02448,0,
C02449,0,
C02450,0,
C02451,0,
C02452,0,
C02453,0,
C02454,0,
C02455,0,
C02456,0,
C02457,0,
C02458,0,
C02459,0,
C02460,1,2024-08-07
C02461,0,
C02462,0,
C02463,0,
C02464,0,
C02465,0,
C02466,1,2023-07-26
C02467,0,
C02468,0,
C02469,0,
C02470,1,2025-10-19
C02471,0,
C02472,0,
C02473,1,2025-07-04
C02474,0,
C02475,1,2025-06-28
C02476,0,
C02477,0,
C02478,0,
C02479,0,
C02480,0,
C02481,0,
C02482,1,2025-09-15
C02483,0,
C02484,0,
C02485,0,
C02486,0,
C02487,0,
C02488,0,
C02489,0,
C02490,0,
C02491,0,
C02492,0,
C02493,1,2025-11-09
C02494,1,2025-12-28
C02495,0,
C02496,0,
C02497,0,
C02498,0,
C02499,0,
C02500,1,2024-05-03
C02501,0,
C02502,0,
C02503,0,
C02504,0,
C02505,0,
C02506,0,
C02507,0,
C02508,1,2025-10-23
C02509,0,
C02510,0,
C02511,1,2025-01-23
C02512,0,
C02513,0,
C02514,0,
C02515,0,
C02516,0,
C02517,0,
C02518,0,
C02519,0,
C02520,0,
C02521,0,
C02522,0,
C02523,1,2025-11-18
C02524,1,2024-08-24
C02525,0,
C02526,0,
C02527,0,
C02528,0,
C02529,0,
C02530,0,
C02531,0,
C02532,0,
C02533,0,
C02534,0,
C02535,0,
C02536,0,
C02537,0,
C02538,0,
C02539,0,
C02540,1,2024-12-05
C02541,0,
C02542,0,
C02543,0,
C02544,0,
C02545,0,
C02546,1,2025-12-31
C02547,0,
C02548,0,
C02549,0,
C02550,0,
C02551,0,
C02552,0,
C02553,1,2025-03-28
C02554,0,
C02555,0,
C02556,0,
C02557,0,
C02558,0,
C02559,0,
C02560,0,
C02561,0,
C02562,0,
C02563,0,
C02564,0,
C02565,0,
C02566,0,
C02567,1,2024-07-11
C02568,0,
C02569,0,
C02570,0,
C02571,0,
C02572,0,
C02573,0,
C02574,0,
C02575,0,
C02576,0,
C02577,1,2025-07-18
C02578,0,
C02579,0,
C02580,0,
C02581,0,
C02582,0,
C02583,0,
C02584,0,
C02585,0,
C02586,0,
C02587,0,
C02588,0,
C02589,0,
C02590,0,
C02591,0,
C02592,0,
C02593,0,
C02594,0,
C02595,0,
C02596,1,2025-01-09
C02597,0,
C02598,0,
C02599,0,
C02600,0,
C02601,0,
C02602,0,
C02603,1,2024-11-21
C02604,0,
C02605,0,
C02606,0,
C02607,1,2025-10-25
C02608,0,
C02609,0,
C02610,0,
C02611,0,
C02612,1,2025-02-14
C02613,1,2025-10-13
C02614,1,2023-10-19
C02615,0,
C02616,0,
C02617,0,
C02618,1,2024-03-12
C02619,0,
C02620,0,
C02621,0,
C02622,0,
C02623,0,
C02624,0,
C02625,0,
C02626,0,
C02627,1,2025-05-08
C02628,0,
C02629,0,
C02630,0,
C02631,0,
C02632,0,
C02633,0,
C02634,0,
C02635,0,
C02636,0,
C02637,0,
C02638,0,
C02639,0,
C02640,0,
C02641,0,
C02642,0,
C02643,0,
C02644,0,
C02645,1,2025-11-11
C02646,1,2025-11-27
C02647,0,
C02648,0,
C02649,0,
C02650,0,
C02651,0,
C02652,0,
C02653,0,
C02654,0,
C02655,0,
C02656,0,
C02657,0,
C02658,0,
C02659,0,
C02660,1,2025-03-14
C02661,0,
C02662,0,
C02663,0,
C02664,1,2025-12-30
C02665,0,
C02666,0,
C02667,0,
C02668,1,2024-09-06
C02669,0,
C02670,0,
C02671,0,
C02672,0,
C02673,0,
C02674,0,
C02675,1,2024-09-09
C02676,0,
C02677,0,
C02678,0,
C02679,0,
C02680,0,
C02681,0,
C02682,1,2025-01-02
C02683,0,
C02684,0,
C02685,1,2024-09-21
C02686,0,
C02687,1,2024-05-13
C02688,0,
C02689,0,
C02690,1,2025-12-23
C02691,1,2024-01-29
C02692,0,
C02693,0,
C02694,0,
C02695,0,
C02696,0,
C02697,0,
C02698,0,
C02699,0,
C02700,0,
C02701,0,
C02702,1,2024-09-19
C02703,0,
C02704,0,
C02705,1,2025-12-13
C02706,0,
C02707,1,2024-02-03
C02708,0,
C02709,0,
C02710,1,2022-08-19
C02711,0,
C02712,0,
C02713,0,
C02714,0,
C02715,1,2025-10-05
C02716,0,
C02717,0,
C02718,0,
C02719,0,
C02720,0,
C02721,1,2025-12-20
C02722,0,
C02723,0,
C02724,0,
C02725,0,
C02726,0,
C02727,0,
C02728,0,
C02729,0,
C02730,0,
C02731,1,2025-12-13
C02732,1,2025-04-25
C02733,1,2023-06-13
C02734,0,
C02735,0,
C02736,0,
C02737,1,2025-03-18
C02738,0,
C02739,1,2025-11-29
C02740,1,2024-12-31
C02741,1,2025-06-26
C02742,0,
C02743,0,
C02744,0,
C02745,0,
C02746,0,
C02747,0,
C02748,1,2024-10-21
C02749,0,
C02750,0,
C02751,0,
C02752,0,
C02753,0,
C02754,0,
C02755,0,
C02756,0,
C02757,0,
C02758,1,2025-04-29
C02759,0,
C02760,1,2024-07-09
C02761,0,
C02762,0,
C02763,0,
C02764,0,
C02765,0,
C02766,0,
C02767,0,
C02768,0,
C02769,0,
C02770,0,
C02771,0,
C02772,0,
C02773,0,
C02774,0,
C02775,1,2025-03-18
C02776,0,
C02777,1,2024-11-22
C02778,0,
C02779,0,
C02780,0,
C02781,0,
C02782,1,2025-12-08
C02783,0,
C02784,0,
C02785,0,
C02786,0,
C02787,0,
C02788,0,
C02789,1,2025-01-10
C02790,0,
C02791,1,2024-06-23
C02792,0,
C02793,0,
C02794,0,
C02795,0,
C02796,0,
C02797,0,
C02798,0,
C02799,0,
C02800,0,
C02801,0,
C02802,0,
C02803,0,
C02804,0,
C02805,0,
C02806,0,
C02807,0,
C02808,1,2024-08-23
C02809,0,
C02810,0,
C02811,0,
C02812,0,
C02813,0,
C02814,0,
C02815,0,
C02816,0,
C02817,0,
C02818,0,
C02819,0,
C02820,1,2025-08-24
C02821,0,
C02822,0,
C02823,0,
C02824,0,
C02825,0,
C02826,1,2025-12-14
C02827,1,2022-09-30
C02828,1,2024-10-15
C02829,0,
C02830,0,
C02831,0,
C02832,0,
C02833,1,2025-06-13
C02834,0,
C02835,1,2024-07-04
C02836,0,
C02837,0,
C02838,0,
C02839,0,
C02840,1,2024-07-23
C02841,1,2023-05-25
C02842,0,
C02843,0,
C02844,0,
C02845,0,
C02846,0,
C02847,0,
C02848,0,
C02849,0,
C02850,1,2024-02-20
C02851,0,
C02852,0,
C02853,0,
C02854,0,
C02855,0,
C02856,1,2025-01-09
C02857,0,
C02858,0,
C02859,1,2024-06-10
C02860,0,
C02861,0,
C02862,0,
C02863,0,
C02864,0,
C02865,0,
C02866,0,
C02867,0,
C02868,0,
C02869,0,
C02870,0,
C02871,0,
C02872,0,
C02873,1,2024-04-01
C02874,0,
C02875,0,
C02876,0,
C02877,0,
C02878,0,
C02879,0,
C02880,0,
C02881,1,2025-02-02
C02882,1,2025-02-28
C02883,0,
C02884,0,
C02885,0,
C02886,0,
C02887,1,2022-09-29
C02888,0,
C02889,0,
C02890,0,
C02891,1,2024-06-28
C02892,1,2025-12-03
C02893,0,
C02894,0,
C02895,0,
C02896,0,
C02897,0,
C02898,1,2024-03-25
C02899,1,2023-09-23
C02900,0,
C02901,0,
C02902,0,
C02903,0,
C02904,0,
C02905,0,
C02906,0,
C02907,0,
C02908,0,
C02909,0,
C02910,0,
C02911,1,2025-12-23
C02912,0,
C02913,0,
C02914,0,
C02915,0,
C02916,0,
C02917,0,
C02918,0,
C02919,0,
C02920,0,
C02921,0,
C02922,0,
C02923,0,
C02924,0,
C02925,1,2023-06-20
C02926,0,
C02927,0,
C02928,0,
C02929,1,2025-08-24
C02930,0,
C02931,0,
C02932,0,
C02933,0,
C02934,0,
C02935,1,2025-03-13
C02936,0,
C02937,0,
C02938,0,
C02939,0,
C02940,0,
C02941,0,
C02942,0,
C02943,0,
C02944,0,
C02945,0,
C02946,1,2024-10-30
C02947,0,
C02948,0,
C02949,0,
C02950,0,
C02951,0,
C02952,0,
C02953,0,
C02954,0,
C02955,0,
C02956,1,2024-12-23
C02957,0,
C02958,1,2025-10-25
C02959,1,2024-07-01
C02960,0,
C02961,0,
C02962,1,2025-05-22
C02963,0,
C02964,1,2025-09-02
C02965,0,
C02966,1,2023-10-13
C02967,0,
C02968,0,
C02969,0,
C02970,0,
C02971,0,
C02972,1,2023-12-18
C02973,0,
C02974,0,
C02975,0,
C02976,0,
C02977,0,
C02978,0,
C02979,0,
C02980,0,
C02981,0,
C02982,0,
C02983,0,
C02984,0,
C02985,0,
C02986,0,
C02987,0,
C02988,0,
C02989,0,
C02990,0,
C02991,0,
C02992,0,
C02993,1,2023-02-11
C02994,0,
C02995,0,
C02996,0,
C02997,0,
C02998,0,
C02999,0,
C03000,0,
C03001,0,
C03002,1,2025-05-02
C03003,0,
C03004,1,2025-05-27
C03005,1,2025-12-25
C03006,0,
C03007,0,
C03008,0,
C03009,0,
C03010,0,
C03011,0,
C03012,0,
C03013,0,
C03014,0,
C03015,0,
C03016,0,
C03017,0,
C03018,0,
C03019,0,
C03020,0,
C03021,0,
C03022,0,
C03023,0,
C03024,0,
C03025,0,
C03026,0,
C03027,0,
C03028,0,
C03029,0,
C03030,1,2024-09-02
C03031,0,
C03032,0,
C03033,0,
C03034,1,2025-01-14
C03035,0,
C03036,0,
C03037,0,
C03038,0,
C03039,0,
C03040,0,
C03041,1,2025-05-26
C03042,1,2024-07-24
C03043,0,
C03044,0,
C03045,0,
C03046,0,
C03047,0,
C03048,0,
C03049,0,
C03050,0,
C03051,0,
C03052,0,
C03053,0,
C03054,1,2025-03-04
C03055,0,
C03056,0,
C03057,0,
C03058,1,2024-11-30
C03059,0,
C03060,0,
C03061,0,
C03062,1,2024-11-23
C03063,0,
C03064,0,
C03065,0,
C03066,0,
C03067,1,2023-08-18
C03068,0,
C03069,0,
C03070,0,
C03071,0,
C03072,0,
C03073,0,
C03074,0,
C03075,0,
C03076,1,2025-12-29
C03077,0,
C03078,0,
C03079,0,
C03080,1,2025-12-20
C03081,0,
C03082,0,
C03083,0,
C03084,0,
C03085,0,
C03086,0,
C03087,0,
C03088,0,
C03089,0,
C03090,0,
C03091,0,
C03092,0,
C03093,0,
C03094,0,
C03095,1,2025-12-29
C03096,0,
C03097,0,
C03098,1,2025-11-29
C03099,0,
C03100,0,
C03101,0,
C03102,0,
C03103,0,
C03104,0,
C03105,1,2024-10-09
C03106,1,2025-08-05
C03107,0,
C03108,1,2023-08-27
C03109,0,
C03110,1,2025-03-11
C03111,0,
C03112,0,
C03113,0,
C03114,1,2024-12-15
C03115,0,
C03116,1,2023-10-22
C03117,0,
C03118,0,
C03119,0,
C03120,0,
C03121,0,
C03122,1,2025-03-09
C03123,0,
C03124,1,2025-08-17
C03125,0,
C03126,0,
C03127,0,
C03128,1,2025-05-10
C03129,0,
C03130,0,
C03131,0,
C03132,1,2023-04-09
C03133,0,
C03134,0,
C03135,0,
C03136,0,
C03137,0,
C03138,1,2024-10-27
C03139,1,2025-09-08
C03140,1,2024-06-02
C03141,1,2025-12-31
C03142,0,
C03143,0,
C03144,0,
C03145,0,
C03146,1,2022-10-09
C03147,0,
C03148,0,
C03149,1,2025-10-05
C03150,0,
C03151,0,
C03152,0,
C03153,0,
C03154,1,2024-11-21
C03155,0,
C03156,0,
C03157,1,2025-11-10
C03158,0,
C03159,0,
C03160,0,
C03161,0,
C03162,0,
C03163,0,
C03164,0,
C03165,1,2024-12-28
C03166,0,
C03167,0,
C03168,0,
C03169,0,
C03170,0,
C03171,0,
C03172,0,
C03173,0,
C03174,1,2023-05-30
C03175,1,2025-11-08
C03176,0,
C03177,0,
C03178,0,
C03179,0,
C03180,0,
C03181,0,
C03182,0,
C03183,0,
C03184,1,2025-10-10
C03185,0,
C03186,0,
C03187,0,
C03188,0,
C03189,0,
C03190,0,
C03191,1,2025-07-01
C03192,0,
C03193,0,
C03194,1,2025-08-10
C03195,0,
C03196,0,
C03197,0,
C03198,1,2025-01-19
C03199,0,
C03200,1,2025-09-17
C03201,0,
C03202,1,2025-10-20
C03203,1,2024-04-29
C03204,0,
C03205,1,2025-03-06
C03206,0,
C03207,0,
C03208,0,
C03209,0,
C03210,0,
C03211,0,
C03212,0,
C03213,0,
C03214,0,
C03215,0,
C03216,1,2025-07-24
C03217,0,
C03218,1,2025-11-02
C03219,0,
C03220,0,
C03221,0,
C03222,1,2025-09-23
C03223,0,
C03224,0,
C03225,0,
C03226,0,
C03227,1,2025-12-10
C03228,0,
C03229,0,
C03230,0,
C03231,1,2025-10-24
C03232,0,
C03233,1,2025-02-05
C03234,0,
C03235,0,
C03236,0,
C03237,0,
C03238,1,2025-12-28
C03239,1,2024-03-12
C03240,1,2024-06-13
C03241,0,
C03242,0,
C03243,0,
C03244,0,
C03245,0,
C03246,0,
C03247,1,2025-01-11
C03248,0,
C03249,0,
C03250,0,
C03251,0,
C03252,0,
C03253,0,
C03254,1,2024-09-04
C03255,0,
C03256,0,
C03257,0,
C03258,0,
C03259,0,
C03260,0,
C03261,1,2023-01-28
C03262,0,
C03263,0,
C03264,0,
C03265,0,
C03266,0,
C03267,0,
C03268,0,
C03269,1,2025-09-30
C03270,0,
C03271,0,
C03272,0,
C03273,0,
C03274,0,
C03275,0,
C03276,0,
C03277,1,2024-12-15
C03278,0,
C03279,0,
C03280,0,
C03281,0,
C03282,0,
C03283,0,
C03284,0,
C03285,0,
C03286,0,
C03287,0,
C03288,0,
C03289,0,
C03290,0,
C03291,0,
C03292,0,
C03293,0,
C03294,0,
C03295,0,
C03296,0,
C03297,1,2025-07-22
C03298,0,
C03299,0,
C03300,1,2025-07-08
C03301,0,
C03302,0,
C03303,0,
C03304,0,
C03305,0,
C03306,1,2025-12-31
C03307,0,
C03308,0,
C03309,0,
C03310,0,
C03311,0,
C03312,0,
C03313,0,
C03314,0,
C03315,0,
C03316,0,
C03317,0,
C03318,0,
C03319,0,
C03320,0,
C03321,0,
C03322,0,
C03323,1,2025-09-01
C03324,0,
C03325,0,
C03326,0,
C03327,0,
C03328,1,2025-12-14
C03329,0,
C03330,0,
C03331,1,2025-12-05
C03332,0,
C03333,1,2023-07-16
C03334,0,
C03335,0,
C03336,0,
C03337,0,
C03338,0,
C03339,1,2025-02-12
C03340,1,2024-05-10
C03341,0,
C03342,0,
C03343,1,2025-08-06
C03344,0,
C03345,0,
C03346,0,
C03347,0,
C03348,0,
C03349,0,
C03350,0,
C03351,0,
C03352,1,2022-12-30
C03353,0,
C03354,0,
C03355,0,
C03356,0,
C03357,0,
C03358,0,
C03359,0,
C03360,0,
C03361,0,
C03362,0,
C03363,0,
C03364,0,
C03365,0,
C03366,1,2025-12-14
C03367,0,
C03368,0,
C03369,0,
C03370,0,
C03371,0,
C03372,0,
C03373,0,
C03374,0,
C03375,1,2025-05-16
C03376,0,
C03377,0,
C03378,0,
C03379,0,
C03380,1,2025-10-07
C03381,0,
C03382,0,
C03383,0,
C03384,0,
C03385,0,
C03386,1,2025-12-17
C03387,1,2025-11-02
C03388,1,2024-10-06
C03389,0,
C03390,1,2025-12-14
C03391,1,2025-10-24
C03392,0,
C03393,0,
C03394,0,
C03395,0,
C03396,1,2025-12-29
C03397,1,2024-03-16
C03398,1,2024-01-30
C03399,0,
C03400,0,
C03401,0,
C03402,0,
C03403,0,
C03404,0,
C03405,0,
C03406,0,
C03407,0,
C03408,0,
C03409,0,
C03410,1,2025-10-27
C03411,0,
C03412,0,
C03413,0,
C03414,0,
C03415,0,
C03416,0,
C03417,0,
C03418,0,
C03419,0,
C03420,0,
C03421,0,
C03422,0,
C03423,0,
C03424,1,2025-02-09
C03425,0,
C03426,0,
C03427,0,
C03428,0,
C03429,0,
C03430,0,
C03431,0,
C03432,0,
C03433,0,
C03434,0,
C03435,0,
C03436,1,2024-12-10
C03437,0,
C03438,1,2024-10-16
C03439,0,
C03440,0,
C03441,0,
C03442,0,
C03443,0,
C03444,0,
C03445,1,2025-11-11
C03446,0,
C03447,1,2025-12-26
C03448,0,
C03449,1,2024-05-18
C03450,0,
C03451,0,
C03452,0,
C03453,0,
C03454,0,
C03455,0,
C03456,0,
C03457,0,
C03458,0,
C03459,0,
C03460,0,
C03461,0,
C03462,0,
C03463,0,
C03464,0,
C03465,0,
C03466,0,
C03467,0,
C03468,0,
C03469,1,2024-10-18
C03470,0,
C03471,0,
C03472,0,
C03473,0,
C03474,0,
C03475,0,
C03476,0,
C03477,1,2024-10-20
C03478,0,
C03479,0,
C03480,0,
C03481,1,2025-09-25
C03482,0,
C03483,0,
C03484,1,2024-12-21
C03485,0,
C03486,0,
C03487,0,
C03488,0,
C03489,0,
C03490,0,
C03491,0,
C03492,0,
C03493,0,
C03494,0,
C03495,1,2023-04-06
C03496,0,
C03497,1,2023-12-04
C03498,1,2024-10-04
C03499,0,
C03500,0,
C03501,0,
C03502,1,2024-09-26
C03503,0,
C03504,0,
C03505,0,
C03506,0,
C03507,1,2025-08-25
C03508,0,
C03509,0,
C03510,0,
C03511,1,2024-10-09
C03512,1,2023-11-20
C03513,0,
C03514,1,2025-11-27
C03515,1,2023-03-04
C03516,0,
C03517,0,
C03518,0,
C03519,1,2022-09-29
C03520,0,
C03521,0,
C03522,0,
C03523,0,
C03524,0,
C03525,1,2025-02-05
C03526,0,
C03527,0,
C03528,0,
C03529,0,
C03530,0,
C03531,0,
C03532,0,
C03533,0,
C03534,0,
C03535,0,
C03536,0,
C03537,1,2025-02-16
C03538,0,
C03539,0,
C03540,0,
C03541,1,2023-07-11
C03542,0,
C03543,0,
C03544,0,
C03545,0,
C03546,0,
C03547,0,
C03548,0,
C03549,0,
C03550,0,
C03551,0,
C03552,0,
C03553,0,
C03554,0,
C03555,0,
C03556,0,
C03557,1,2024-06-20
C03558,0,
C03559,1,2025-05-28
C03560,0,
C03561,0,
C03562,0,
C03563,0,
C03564,1,2024-09-06
C03565,1,2025-10-19
C03566,0,
C03567,0,
C03568,1,2024-10-29
C03569,0,
C03570,0,
C03571,0,
C03572,0,
C03573,0,
C03574,0,
C03575,0,
C03576,0,
C03577,0,
C03578,1,2024-10-04
C03579,0,
C03580,0,
C03581,0,
C03582,0,
C03583,1,2024-10-06
C03584,0,
C03585,0,
C03586,0,
C03587,0,
C03588,1,2024-03-13
C03589,0,
C03590,0,
C03591,1,2023-06-13
C03592,1,2024-09-10
C03593,1,2025-06-05
C03594,0,
C03595,0,
C03596,1,2025-10-16
C03597,1,2025-02-28
C03598,0,
C03599,0,
C03600,1,2022-04-29
C03601,0,
C03602,0,
C03603,1,2025-08-22
C03604,0,
C03605,0,
C03606,0,
C03607,0,
C03608,0,
C03609,0,
C03610,0,
C03611,0,
C03612,0,
C03613,0,
C03614,1,2022-05-28
C03615,0,
C03616,0,
C03617,0,
C03618,0,
C03619,0,
C03620,0,
C03621,0,
C03622,0,
C03623,1,2024-12-21
C03624,0,
C03625,1,2025-10-06
C03626,1,2025-02-24
C03627,0,
C03628,0,
C03629,0,
C03630,1,2024-08-22
C03631,1,2025-10-27
C03632,0,
C03633,0,
C03634,1,2025-02-05
C03635,0,
C03636,1,2025-08-08
C03637,0,
C03638,0,
C03639,1,2025-08-24
C03640,0,
C03641,0,
C03642,1,2024-10-24
C03643,0,
C03644,0,
C03645,0,
C03646,0,
C03647,0,
C03648,0,
C03649,0,
C03650,0,
C03651,0,
C03652,1,2025-09-22
C03653,0,
C03654,0,
C03655,0,
C03656,0,
C03657,0,
C03658,1,2025-02-22
C03659,0,
C03660,0,
C03661,0,
C03662,0,
C03663,1,2025-01-17
C03664,0,
C03665,1,2025-08-06
C03666,0,
C03667,0,
C03668,0,
C03669,0,
C03670,1,2025-09-05
C03671,0,
C03672,0,
C03673,1,2022-09-11
C03674,0,
C03675,0,
C03676,0,
C03677,1,2025-05-16
C03678,0,
C03679,0,
C03680,1,2023-12-06
C03681,0,
C03682,0,
C03683,1,2025-07-15
C03684,0,
C03685,0,
C03686,1,2024-02-27
C03687,0,
C03688,0,
C03689,1,2025-04-28
C03690,0,
C03691,0,
C03692,0,
C03693,0,
C03694,0,
C03695,0,
C03696,0,
C03697,0,
C03698,0,
C03699,0,
C03700,0,
C03701,0,
C03702,0,
C03703,0,
C03704,0,
C03705,0,
C03706,1,2025-11-18
C03707,1,2024-06-07
C03708,1,2025-07-02
C03709,1,2025-12-18
C03710,1,2025-06-16
C03711,0,
C03712,0,
C03713,0,
C03714,1,2024-08-19
C03715,0,
C03716,0,
C03717,0,
C03718,1,2025-04-18
C03719,0,
C03720,0,
C03721,0,
C03722,0,
C03723,0,
C03724,0,
C03725,0,
C03726,0,
C03727,0,
C03728,0,
C03729,0,
C03730,0,
C03731,1,2025-12-22
C03732,0,
C03733,0,
C03734,0,
C03735,0,
C03736,0,
C03737,0,
C03738,0,
C03739,0,
C03740,0,
C03741,0,
C03742,0,
C03743,0,
C03744,0,
C03745,0,
C03746,0,
C03747,0,
C03748,0,
C03749,0,
C03750,0,
C03751,0,
C03752,0,
C03753,0,
C03754,0,
C03755,0,
C03756,0,
C03757,0,
C03758,1,2025-12-06
C03759,0,
C03760,0,
C03761,0,
C03762,0,
C03763,0,
C03764,0,
C03765,0,
C03766,0,
C03767,0,
C03768,0,
C03769,0,
C03770,0,
C03771,0,
C03772,1,2023-10-21
C03773,0,
C03774,0,
C03775,0,
C03776,1,2025-07-12
C03777,0,
C03778,0,
C03779,0,
C03780,0,
C03781,0,
C03782,0,
C03783,0,
C03784,0,
C03785,0,
C03786,0,
C03787,0,
C03788,1,2023-11-10
C03789,0,
C03790,0,
C03791,0,
C03792,1,2025-12-04
C03793,0,
C03794,0,
C03795,1,2025-09-05
C03796,0,
C03797,0,
C03798,0,
C03799,0,
C03800,1,2025-12-23
C03801,0,
C03802,0,
C03803,0,
C03804,0,
C03805,0,
C03806,1,2025-11-21
C03807,0,
C03808,0,
C03809,0,
C03810,0,
C03811,0,
C03812,0,
C03813,0,
C03814,0,
C03815,0,
C03816,0,
C03817,0,
C03818,0,
C03819,0,
C03820,0,
C03821,1,2023-06-14
C03822,1,2024-06-27
C03823,0,
C03824,0,
C03825,1,2023-06-03
C03826,0,
C03827,1,2024-04-01
C03828,0,
C03829,0,
C03830,0,
C03831,0,
C03832,0,
C03833,0,
C03834,0,
C03835,0,
C03836,0,
C03837,0,
C03838,0,
C03839,0,
C03840,0,
C03841,0,
C03842,0,
C03843,0,
C03844,0,
C03845,1,2024-09-25
C03846,1,2023-03-02
C03847,0,
C03848,0,
C03849,0,
C03850,1,2025-04-01
C03851,0,
C03852,0,
C03853,0,
C03854,0,
C03855,0,
C03856,1,2025-01-24
C03857,0,
C03858,0,
C03859,0,
C03860,0,
C03861,1,2023-02-21
C03862,0,
C03863,0,
C03864,0,
C03865,0,
C03866,0,
C03867,0,
C03868,1,2025-09-12
C03869,1,2025-09-21
C03870,1,2024-11-01
C03871,1,2025-03-19
C03872,0,
C03873,0,
C03874,0,
C03875,1,2025-11-23
C03876,0,
C03877,1,2025-11-18
C03878,0,
C03879,1,2025-11-02
C03880,0,
C03881,1,2025-10-12
C03882,1,2025-10-01
C03883,1,2025-06-13
C03884,0,
C03885,0,
C03886,0,
C03887,0,
C03888,0,
C03889,0,
C03890,0,
C03891,0,
C03892,0,
C03893,0,
C03894,0,
C03895,0,
C03896,0,
C03897,0,
C03898,0,
C03899,1,2024-03-22
C03900,0,
C03901,0,
C03902,0,
C03903,0,
C03904,0,
C03905,0,
C03906,0,
C03907,0,
C03908,0,
C03909,0,
C03910,1,2025-04-27
C03911,0,
C03912,1,2024-02-28
C03913,0,
C03914,1,2024-10-03
C03915,0,
C03916,0,
C03917,0,
C03918,0,
C03919,0,
C03920,0,
C03921,1,2025-12-29
C03922,1,2025-12-21
C03923,1,2024-06-01
C03924,0,
C03925,0,
C03926,0,
C03927,0,
C03928,0,
C03929,0,
C03930,0,
C03931,0,
C03932,0,
C03933,0,
C03934,0,
C03935,0,
C03936,0,
C03937,0,
C03938,0,
C03939,1,2025-06-09
C03940,0,
C03941,1,2025-03-11
C03942,0,
C03943,0,
C03944,0,
C03945,0,
C03946,0,
C03947,0,
C03948,0,
C03949,0,
C03950,0,
C03951,0,
C03952,0,
C03953,0,
C03954,0,
C03955,0,
C03956,0,
C03957,1,2025-08-19
C03958,0,
C03959,0,
C03960,0,
C03961,0,
C03962,1,2024-06-08
C03963,0,
C03964,0,
C03965,0,
C03966,0,
C03967,1,2025-03-06
C03968,0,
C03969,1,2025-01-06
C03970,1,2024-03-08
C03971,1,2025-02-17
C03972,0,
C03973,0,
C03974,0,
C03975,0,
C03976,1,2024-04-30
C03977,0,
C03978,1,2025-11-06
C03979,0,
C03980,0,
C03981,0,
C03982,1,2024-12-08
C03983,0,
C03984,0,
C03985,0,
C03986,0,
C03987,0,
C03988,1,2025-05-12
C03989,0,
C03990,0,
C03991,1,2025-04-04
C03992,0,
C03993,0,
C03994,1,2025-04-27
C03995,0,
C03996,0,
C03997,0,
C03998,1,2025-07-20
C03999,0,
C04000,0,
C04001,0,
C04002,0,
C04003,0,
C04004,0,
C04005,0,
C04006,0,
C04007,0,
C04008,0,
C04009,1,2025-08-22
C04010,0,
C04011,1,2025-06-23
C04012,0,
C04013,0,
C04014,0,
C04015,1,2023-01-25
C04016,0,
C04017,0,
C04018,0,
C04019,1,2025-10-23
C04020,0,
C04021,1,2025-09-29
C04022,0,
C04023,1,2025-10-01
C04024,1,2022-05-27
C04025,0,
C04026,0,
C04027,0,
C04028,0,
C04029,0,
C04030,0,
C04031,0,
C04032,0,
C04033,0,
C04034,0,
C04035,1,2025-12-01
C04036,0,
C04037,0,
C04038,0,
C04039,0,
C04040,0,
C04041,0,
C04042,0,
C04043,0,
C04044,0,
C04045,0,
C04046,0,
C04047,0,
C04048,0,
C04049,0,
C04050,0,
C04051,0,
C04052,0,
C04053,0,
C04054,0,
C04055,0,
C04056,1,2025-12-11
C04057,0,
C04058,1,2025-12-12
C04059,0,
C04060,0,
C04061,0,
C04062,0,
C04063,0,
C04064,0,
C04065,1,2024-07-11
C04066,0,
C04067,0,
C04068,0,
C04069,0,
C04070,0,
C04071,0,
C04072,0,
C04073,1,2024-03-19
C04074,0,
C04075,1,2025-10-07
C04076,1,2024-02-29
C04077,0,
C04078,0,
C04079,0,
C04080,0,
C04081,0,
C04082,1,2025-09-02
C04083,0,
C04084,0,
C04085,0,
C04086,1,2025-11-23
C04087,0,
C04088,0,
C04089,0,
C04090,0,
C04091,0,
C04092,0,
C04093,0,
C04094,0,
C04095,0,
C04096,0,
C04097,1,2025-07-14
C04098,1,2025-08-12
C04099,0,
C04100,0,
C04101,0,
C04102,0,
C04103,1,2022-10-27
C04104,0,
C04105,0,
C04106,0,
C04107,0,
C04108,0,
C04109,0,
C04110,0,
C04111,0,
C04112,0,
C04113,0,
C04114,0,
C04115,1,2023-09-15
C04116,0,
C04117,0,
C04118,0,
C04119,0,
C04120,0,
C04121,0,
C04122,0,
C04123,0,
C04124,0,
C04125,0,
C04126,1,2024-11-20
C04127,0,
C04128,1,2025-05-17
C04129,0,
C04130,0,
C04131,1,2025-11-19
C04132,0,
C04133,0,
C04134,0,
C04135,0,
C04136,0,
C04137,0,
C04138,0,
C04139,0,
C04140,1,2024-08-01
C04141,1,2025-06-16
C04142,1,2025-08-02
C04143,0,
C04144,0,
C04145,0,
C04146,1,2024-07-14
C04147,0,
C04148,1,2025-06-08
C04149,0,
C04150,1,2024-12-23
C04151,0,
C04152,0,
C04153,0,
C04154,1,2023-07-12
C04155,1,2024-12-29
C04156,0,
C04157,0,
C04158,0,
C04159,0,
C04160,1,2025-08-13
C04161,0,
C04162,0,
C04163,0,
C04164,0,
C04165,0,
C04166,1,2025-05-09
C04167,0,
C04168,0,
C04169,1,2025-05-04
C04170,0,
C04171,0,
C04172,0,
C04173,1,2025-09-02
C04174,0,
C04175,0,
C04176,0,
C04177,0,
C04178,0,
C04179,0,
C04180,0,
C04181,0,
C04182,0,
C04183,0,
C04184,0,
C04185,0,
C04186,0,
C04187,0,
C04188,0,
C04189,1,2025-12-20
C04190,1,2025-08-26
C04191,0,
C04192,0,
C04193,0,
C04194,0,
C04195,0,
C04196,0,
C04197,0,
C04198,0,
C04199,0,
C04200,0,
C04201,0,
C04202,0,
C04203,0,
C04204,0,
C04205,0,
C04206,0,
C04207,0,
C04208,0,
C04209,0,
C04210,0,
C04211,0,
C04212,0,
C04213,0,
C04214,0,
C04215,0,
C04216,0,
C04217,0,
C04218,0,
C04219,0,
C04220,1,2024-11-01
C04221,0,
C04222,0,
C04223,1,2023-06-14
C04224,0,
C04225,0,
C04226,0,
C04227,0,
C04228,0,
C04229,0,
C04230,1,2025-04-21
C04231,0,
C04232,0,
C04233,0,
C04234,0,
C04235,0,
C04236,1,2024-06-10
C04237,0,
C04238,1,2025-12-28
C04239,0,
C04240,0,
C04241,0,
C04242,1,2024-11-16
C04243,0,
C04244,1,2025-06-08
C04245,1,2024-05-23
C04246,0,
C04247,1,2025-03-20
C04248,0,
C04249,0,
C04250,0,
C04251,0,
C04252,0,
C04253,0,
C04254,0,
C04255,0,
C04256,0,
C04257,0,
C04258,0,
C04259,0,
C04260,1,2025-12-31
C04261,1,2024-07-05
C04262,1,2025-09-01
C04263,0,
C04264,0,
C04265,0,
C04266,0,
C04267,1,2025-08-23
C04268,0,
C04269,0,
C04270,0,
C04271,0,
C04272,0,
C04273,0,
C04274,1,2024-07-06
C04275,0,
C04276,0,
C04277,1,2025-06-14
C04278,1,2023-11-11
C04279,0,
C04280,0,
C04281,0,
C04282,0,
C04283,0,
C04284,0,
C04285,0,
C04286,1,2024-10-02
C04287,0,
C04288,0,
C04289,1,2024-04-07
C04290,1,2025-05-01
C04291,0,
C04292,0,
C04293,0,
C04294,0,
C04295,0,
C04296,0,
C04297,0,
C04298,0,
C04299,0,
C04300,1,2025-12-26
C04301,1,2025-12-21
C04302,0,
C04303,0,
C04304,0,
C04305,0,
C04306,0,
C04307,0,
C04308,0,
C04309,0,
C04310,0,
C04311,0,
C04312,0,
C04313,0,
C04314,0,
C04315,0,
C04316,0,
C04317,0,
C04318,0,
C04319,1,2024-09-02
C04320,1,2023-07-20
C04321,0,
C04322,0,
C04323,1,2025-10-20
C04324,0,
C04325,0,
C04326,0,
C04327,0,
C04328,1,2024-06-22
C04329,0,
C04330,1,2025-10-05
C04331,0,
C04332,0,
C04333,0,
C04334,0,
C04335,0,
C04336,0,
C04337,0,
C04338,1,2024-05-18
C04339,0,
C04340,0,
C04341,0,
C04342,0,
C04343,0,
C04344,1,2023-05-08
C04345,0,
C04346,1,2025-04-26
C04347,0,
C04348,0,
C04349,0,
C04350,0,
C04351,1,2025-10-06
C04352,0,
C04353,0,
C04354,1,2025-02-26
C04355,0,
C04356,0,
C04357,0,
C04358,0,
C04359,0,
C04360,1,2024-05-16
C04361,1,2025-03-10
C04362,0,
C04363,0,
C04364,1,2025-07-26
C04365,0,
C04366,0,
C04367,0,
C04368,0,
C04369,0,
C04370,0,
C04371,0,
C04372,0,
C04373,1,2025-03-20
C04374,0,
C04375,0,
C04376,0,
C04377,0,
C04378,0,
C04379,0,
C04380,1,2025-07-09
C04381,0,
C04382,0,
C04383,0,
C04384,0,
C04385,0,
C04386,0,
C04387,0,
C04388,0,
C04389,0,
C04390,0,
C04391,1,2025-07-27
C04392,1,2024-01-17
C04393,0,
C04394,0,
C04395,0,
C04396,0,
C04397,0,
C04398,0,
C04399,0,
C04400,0,
C04401,0,
C04402,0,
C04403,0,
C04404,0,
C04405,0,
C04406,0,
C04407,0,
C04408,0,
C04409,0,
C04410,0,
C04411,0,
C04412,1,2025-11-27
C04413,0,
C04414,1,2023-01-26
C04415,1,2024-09-25
C04416,0,
C04417,0,
C04418,0,
C04419,1,2024-07-03
C04420,1,2025-05-19
C04421,0,
C04422,0,
C04423,0,
C04424,0,
C04425,0,
C04426,0,
C04427,0,
C04428,1,2024-05-14
C04429,0,
C04430,0,
C04431,0,
C04432,0,
C04433,0,
C04434,0,
C04435,0,
C04436,0,
C04437,0,
C04438,1,2025-03-25
C04439,0,
C04440,0,
C04441,1,2024-07-05
C04442,0,
C04443,0,
C04444,0,
C04445,0,
C04446,0,
C04447,1,2025-11-04
C04448,0,
C04449,1,2025-12-01
C04450,0,
C04451,0,
C04452,0,
C04453,1,2025-05-12
C04454,0,
C04455,1,2024-04-06
C04456,0,
C04457,0,
C04458,0,
C04459,0,
C04460,0,
C04461,0,
C04462,0,
C04463,0,
C04464,0,
C04465,0,
C04466,0,
C04467,0,
C04468,0,
C04469,0,
C04470,0,
C04471,0,
C04472,0,
C04473,0,
C04474,1,2025-12-13
C04475,0,
C04476,0,
C04477,1,2025-11-29
C04478,0,
C04479,0,
C04480,1,2025-04-18
C04481,0,
C04482,0,
C04483,0,
C04484,0,
C04485,1,2023-03-04
C04486,1,2025-11-28
C04487,0,
C04488,0,
C04489,0,
C04490,0,
C04491,0,
C04492,0,
C04493,0,
C04494,1,2023-01-06
C04495,0,
C04496,0,
C04497,0,
C04498,0,
C04499,0,
C04500,0,
C04501,0,
C04502,0,
C04503,1,2025-05-10
C04504,1,2024-03-04
C04505,0,
C04506,0,
C04507,0,
C04508,0,
C04509,1,2025-02-25
C04510,0,
C04511,0,
C04512,0,
C04513,0,
C04514,0,
C04515,0,
C04516,0,
C04517,0,
C04518,0,
C04519,0,
C04520,0,
C04521,0,
C04522,0,
C04523,1,2025-08-08
C04524,0,
C04525,1,2025-05-19
C04526,1,2025-10-06
C04527,0,
C04528,0,
C04529,0,
C04530,0,
C04531,0,
C04532,0,
C04533,0,
C04534,0,
C04535,0,
C04536,1,2025-04-12
C04537,0,
C04538,0,
C04539,0,
C04540,0,
C04541,0,
C04542,0,
C04543,0,
C04544,0,
C04545,0,
C04546,0,
C04547,0,
C04548,1,2025-10-02
C04549,1,2025-07-11
C04550,0,
C04551,0,
C04552,0,
C04553,0,
C04554,0,
C04555,0,
C04556,0,
C04557,0,
C04558,0,
C04559,0,
C04560,0,
C04561,0,
C04562,1,2025-02-21
C04563,0,
C04564,1,2024-12-27
C04565,0,
C04566,0,
C04567,0,
C04568,1,2025-08-09
C04569,0,
C04570,0,
C04571,0,
C04572,1,2024-04-26
C04573,0,
C04574,0,
C04575,0,
C04576,0,
C04577,0,
C04578,0,
C04579,0,
C04580,0,
C04581,0,
C04582,0,
C04583,1,2024-12-09
C04584,0,
C04585,0,
C04586,0,
C04587,0,
C04588,0,
C04589,0,
C04590,1,2023-09-10
C04591,0,
C04592,0,
C04593,0,
C04594,1,2023-03-28
C04595,0,
C04596,1,2025-01-17
C04597,0,
C04598,0,
C04599,0,
C04600,0,
C04601,0,
C04602,0,
C04603,0,
C04604,0,
C04605,0,
C04606,0,
C04607,0,
C04608,1,2025-12-11
C04609,0,
C04610,0,
C04611,0,
C04612,0,
C04613,1,2025-09-07
C04614,0,
C04615,0,
C04616,0,
C04617,0,
C04618,0,
C04619,0,
C04620,0,
C04621,0,
C04622,1,2023-04-22
C04623,0,
C04624,0,
C04625,0,
C04626,0,
C04627,0,
C04628,0,
C04629,0,
C04630,0,
C04631,0,
C04632,0,
C04633,0,
C04634,0,
C04635,0,
C04636,0,
C04637,0,
C04638,0,
C04639,0,
C04640,0,
C04641,0,
C04642,0,
C04643,0,
C04644,1,2025-01-04
C04645,0,
C04646,0,
C04647,0,
C04648,0,
C04649,0,
C04650,0,
C04651,0,
C04652,0,
C04653,1,2025-12-24
C04654,1,2025-06-01
C04655,0,
C04656,0,
C04657,0,
C04658,0,
C04659,0,
C04660,0,
C04661,0,
C04662,0,
C04663,1,2025-11-16
C04664,0,
C04665,0,
C04666,0,
C04667,0,
C04668,1,2023-06-28
C04669,0,
C04670,0,
C04671,0,
C04672,0,
C04673,1,2024-06-16
C04674,1,2023-03-17
C04675,1,2025-09-21
C04676,0,
C04677,0,
C04678,0,
C04679,0,
C04680,0,
C04681,0,
C04682,1,2024-06-28
C04683,0,
C04684,0,
C04685,0,
C04686,0,
C04687,0,
C04688,0,
C04689,0,
C04690,0,
C04691,1,2025-09-15
C04692,0,
C04693,0,
C04694,0,
C04695,1,2025-05-20
C04696,0,
C04697,0,
C04698,0,
C04699,0,
C04700,0,
C04701,0,
C04702,0,
C04703,0,
C04704,0,
C04705,0,
C04706,0,
C04707,0,
C04708,0,
C04709,0,
C04710,0,
C04711,0,
C04712,1,2024-12-26
C04713,0,
C04714,0,
C04715,0,
C04716,0,
C04717,0,
C04718,0,
C04719,0,
C04720,0,
C04721,0,
C04722,0,
C04723,0,
C04724,0,
C04725,0,
C04726,0,
C04727,0,
C04728,1,2024-02-27
C04729,0,
C04730,0,
C04731,0,
C04732,0,
C04733,1,2025-04-07
C04734,0,
C04735,0,
C04736,1,2024-09-18
C04737,0,
C04738,1,2025-08-25
C04739,0,
C04740,0,
C04741,0,
C04742,0,
C04743,0,
C04744,0,
C04745,0,
C04746,1,2025-07-30
C04747,1,2024-03-10
C04748,0,
C04749,0,
C04750,0,
C04751,0,
C04752,0,
C04753,1,2024-07-08
C04754,0,
C04755,0,
C04756,0,
C04757,0,
C04758,0,
C04759,1,2025-11-24
C04760,0,
C04761,0,
C04762,0,
C04763,0,
C04764,0,
C04765,0,
C04766,1,2024-11-05
C04767,1,2025-06-01
C04768,0,
C04769,0,
C04770,1,2025-09-21
C04771,0,
C04772,0,
C04773,1,2024-10-22
C04774,0,
C04775,0,
C04776,0,
C04777,1,2025-04-26
C04778,0,
C04779,0,
C04780,0,
C04781,0,
C04782,0,
C04783,0,
C04784,0,
C04785,0,
C04786,0,
C04787,0,
C04788,0,
C04789,0,
C04790,0,
C04791,1,2025-06-03
C04792,1,2024-03-02
C04793,0,
C04794,0,
C04795,0,
C04796,0,
C04797,0,
C04798,0,
C04799,1,2025-03-20
C04800,0,
C04801,0,
C04802,0,
C04803,0,
C04804,0,
C04805,0,
C04806,0,
C04807,0,
C04808,0,
C04809,0,
C04810,0,
C04811,0,
C04812,0,
C04813,0,
C04814,0,
C04815,1,2025-06-14
C04816,0,
C04817,0,
C04818,0,
C04819,0,
C04820,0,
C04821,0,
C04822,0,
C04823,1,2024-04-30
C04824,0,
C04825,0,
C04826,0,
C04827,1,2025-01-20
C04828,0,
C04829,1,2025-11-24
C04830,0,
C04831,0,
C04832,0,
C04833,0,
C04834,0,
C04835,0,
C04836,1,2025-12-17
C04837,0,
C04838,0,
C04839,0,
C04840,0,
C04841,0,
C04842,0,
C04843,0,
C04844,0,
C04845,0,
C04846,0,
C04847,0,
C04848,1,2025-05-14
C04849,0,
C04850,1,2025-11-20
C04851,1,2025-12-15
C04852,0,
C04853,0,
C04854,0,
C04855,0,
C04856,0,
C04857,1,2025-12-15
C04858,0,
C04859,1,2025-08-24
C04860,0,
C04861,0,
C04862,0,
C04863,0,
C04864,0,
C04865,0,
C04866,0,
C04867,0,
C04868,0,
C04869,0,
C04870,0,
C04871,0,
C04872,0,
C04873,0,
C04874,0,
C04875,0,
C04876,0,
C04877,0,
C04878,0,
C04879,0,
C04880,0,
C04881,0,
C04882,1,2024-01-08
C04883,0,
C04884,0,
C04885,0,
C04886,0,
C04887,1,2025-07-05
C04888,0,
C04889,1,2025-05-30
C04890,1,2025-06-12
C04891,1,2025-08-29
C04892,0,
C04893,0,
C04894,0,
C04895,0,
C04896,0,
C04897,0,
C04898,0,
C04899,0,
C04900,0,
C04901,0,
C04902,0,
C04903,1,2024-11-28
C04904,1,2024-12-23
C04905,0,
C04906,0,
C04907,0,
C04908,1,2025-02-28
C04909,0,
C04910,0,
C04911,0,
C04912,1,2024-11-30
C04913,0,
C04914,0,
C04915,1,2025-05-26
C04916,0,
C04917,1,2024-06-27
C04918,1,2025-11-30
C04919,1,2025-12-02
C04920,0,
C04921,0,
C04922,0,
C04923,0,
C04924,0,
C04925,1,2025-08-06
C04926,0,
C04927,0,
C04928,0,
C04929,1,2025-09-23
C04930,0,
C04931,0,
C04932,0,
C04933,0,
C04934,1,2024-05-23
C04935,0,
C04936,0,
C04937,1,2023-09-14
C04938,0,
C04939,0,
C04940,0,
C04941,0,
C04942,1,2025-01-30
C04943,0,
C04944,0,
C04945,1,2025-04-30
C04946,0,
C04947,0,
C04948,0,
C04949,0,
C04950,0,
C04951,0,
C04952,0,
C04953,0,
C04954,0,
C04955,0,
C04956,0,
C04957,0,
C04958,0,
C04959,0,
C04960,0,
C04961,1,2025-02-11
C04962,0,
C04963,0,
C04964,0,
C04965,0,
C04966,0,
C04967,0,
C04968,0,
C04969,1,2024-07-05
C04970,0,
C04971,0,
C04972,0,
C04973,0,
C04974,0,
C04975,0,
C04976,1,2024-07-04
C04977,0,
C04978,0,
C04979,0,
C04980,0,
C04981,0,
C04982,0,
C04983,0,
C04984,0,
C04985,0,
C04986,0,
C04987,0,
C04988,0,
C04989,0,
C04990,0,
C04991,0,
C04992,0,
C04993,1,2025-10-25
C04994,0,
C04995,0,
C04996,0,
C04997,0,
C04998,0,
C04999,0,
C05000,0,
C05001,0,
C05002,0,
C05003,0,
C05004,0,
C05005,0,
C05006,1,2024-12-17
C05007,0,
C05008,0,
C05009,0,
C05010,0,
C05011,0,
C05012,0,
C05013,0,
C05014,0,
C05015,1,2025-10-19
C05016,0,
C05017,0,
C05018,0,
C05019,0,
C05020,0,
C05021,0,
C05022,0,
C05023,0,
C05024,0,
C05025,1,2025-12-21
C05026,0,
C05027,0,
C05028,1,2022-09-23
C05029,0,
C05030,0,
C05031,1,2025-06-23
C05032,1,2025-12-03
C05033,1,2024-05-31
C05034,1,2023-07-10
C05035,0,
C05036,1,2025-12-31
C05037,0,
C05038,0,
C05039,0,
C05040,0,
C05041,0,
C05042,1,2025-10-05
C05043,1,2025-01-14
C05044,0,
C05045,0,
C05046,0,
C05047,0,
C05048,0,
C05049,0,
C05050,0,
C05051,0,
C05052,0,
C05053,0,
C05054,0,
C05055,0,
C05056,1,2025-03-04
C05057,0,
C05058,0,
C05059,0,
C05060,0,
C05061,0,
C05062,0,
C05063,0,
C05064,0,
C05065,0,
C05066,0,
C05067,1,2024-12-17
C05068,0,
C05069,0,
C05070,0,
C05071,0,
C05072,1,2025-10-30
C05073,0,
C05074,0,
C05075,0,
C05076,0,
C05077,0,
C05078,0,
C05079,1,2025-06-26
C05080,0,
C05081,0,
C05082,0,
C05083,0,
C05084,0,
C05085,0,
C05086,0,
C05087,0,
C05088,0,
C05089,0,
C05090,0,
C05091,0,
C05092,0,
C05093,0,
C05094,1,2023-04-22
C05095,0,
C05096,0,
C05097,0,
C05098,1,2025-02-24
C05099,0,
C05100,0,
C05101,1,2024-10-16
C05102,0,
C05103,1,2024-10-10
C05104,0,
C05105,0,
C05106,1,2025-09-09
C05107,0,
C05108,1,2022-10-08
C05109,0,
C05110,1,2024-01-13
C05111,0,
C05112,0,
C05113,1,2025-01-31
C05114,0,
C05115,1,2023-09-10
C05116,1,2025-05-18
C05117,1,2025-12-22
C05118,0,
C05119,0,
C05120,0,
C05121,1,2025-12-27
C05122,1,2025-10-15
C05123,0,
C05124,0,
C05125,0,
C05126,0,
C05127,1,2024-10-28
C05128,0,
C05129,0,
C05130,0,
C05131,0,
C05132,0,
C05133,0,
C05134,0,
C05135,0,
C05136,0,
C05137,0,
C05138,0,
C05139,0,
C05140,0,
C05141,0,
C05142,0,
C05143,0,
C05144,0,
C05145,1,2025-10-16
C05146,0,
C05147,0,
C05148,0,
C05149,0,
C05150,0,
C05151,0,
C05152,0,
C05153,0,
C05154,0,
C05155,0,
C05156,0,
C05157,0,
C05158,1,2025-01-10
C05159,0,
C05160,1,2025-10-01
C05161,0,
C05162,1,2023-12-01
C05163,0,
C05164,0,
C05165,0,
C05166,1,2025-11-21
C05167,1,2022-11-30
C05168,0,
C05169,0,
C05170,0,
C05171,1,2025-12-04
C05172,0,
C05173,0,
C05174,1,2025-09-16
C05175,0,
C05176,0,
C05177,1,2024-09-27
C05178,1,2024-11-09
C05179,0,
C05180,0,
C05181,0,
C05182,0,
C05183,0,
C05184,0,
C05185,0,
C05186,0,
C05187,0,
C05188,0,
C05189,0,
C05190,0,
C05191,0,
C05192,0,
C05193,0,
C05194,1,2025-03-01
C05195,0,
C05196,0,
C05197,1,2024-06-24
C05198,0,
C05199,0,
C05200,1,2024-09-11
C05201,0,
C05202,0,
C05203,0,
C05204,0,
C05205,0,
C05206,1,2025-07-12
C05207,1,2024-08-05
C05208,0,
C05209,0,
C05210,0,
C05211,0,
C05212,1,2025-02-11
C05213,0,
C05214,0,
C05215,0,
C05216,1,2025-10-08
C05217,0,
C05218,0,
C05219,0,
C05220,0,
C05221,0,
C05222,1,2025-10-20
C05223,0,
C05224,0,
C05225,0,
C05226,0,
C05227,0,
C05228,0,
C05229,1,2025-10-01
C05230,0,
C05231,0,
C05232,0,
C05233,0,
C05234,0,
C05235,0,
C05236,0,
C05237,0,
C05238,0,
C05239,1,2025-10-04
C05240,0,
C05241,0,
C05242,0,
C05243,0,
C05244,0,
C05245,0,
C05246,0,
C05247,0,
C05248,0,
C05249,0,
C05250,0,
C05251,0,
C05252,1,2024-11-23
C05253,0,
C05254,0,
C05255,0,
C05256,0,
C05257,0,
C05258,1,2025-12-31
C05259,1,2022-11-19
C05260,1,2025-08-23
C05261,1,2025-07-05
C05262,0,
C05263,0,
C05264,0,
C05265,0,
C05266,1,2025-11-22
C05267,1,2025-08-18
C05268,0,
C05269,0,
C05270,0,
C05271,1,2025-05-27
C05272,0,
C05273,1,2025-12-05
C05274,0,
C05275,0,
C05276,0,
C05277,1,2025-07-17
C05278,1,2025-10-28
C05279,0,
C05280,0,
C05281,0,
C05282,0,
C05283,0,
C05284,1,2024-12-09
C05285,0,
C05286,0,
C05287,0,
C05288,0,
C05289,1,2025-10-08
C05290,0,
C05291,0,
C05292,0,
C05293,0,
C05294,0,
C05295,0,
C05296,0,
C05297,0,
C05298,1,2024-09-07
C05299,0,
C05300,0,
C05301,0,
C05302,0,
C05303,0,
C05304,0,
C05305,0,
C05306,1,2025-03-24
C05307,0,
C05308,0,
C05309,0,
C05310,0,
C05311,1,2025-01-13
C05312,0,
C05313,0,
C05314,0,
C05315,0,
C05316,0,
C05317,1,2025-12-27
C05318,0,
C05319,1,2025-08-11
C05320,0,
C05321,0,
C05322,0,
C05323,0,
C05324,1,2024-10-23
C05325,1,2025-11-21
C05326,0,
C05327,0,
C05328,1,2025-10-08
C05329,0,
C05330,0,
C05331,0,
C05332,0,
C05333,0,
C05334,0,
C05335,0,
C05336,0,
C05337,0,
C05338,1,2025-09-15
C05339,0,
C05340,0,
C05341,0,
C05342,0,
C05343,1,2025-07-17
C05344,1,2025-09-17
C05345,0,
C05346,0,
C05347,0,
C05348,0,
C05349,0,
C05350,0,
C05351,0,
C05352,0,
C05353,0,
C05354,0,
C05355,0,
C05356,0,
C05357,0,
C05358,0,
C05359,0,
C05360,0,
C05361,0,
C05362,0,
C05363,0,
C05364,0,
C05365,1,2025-11-16
C05366,1,2025-12-21
C05367,0,
C05368,0,
C05369,0,
C05370,0,
C05371,1,2025-03-12
C05372,0,
C05373,1,2024-12-31
C05374,0,
C05375,0,
C05376,0,
C05377,1,2024-10-28
C05378,0,
C05379,1,2024-10-12
C05380,0,
C05381,0,
C05382,0,
C05383,0,
C05384,0,
C05385,0,
C05386,0,
C05387,1,2025-11-20
C05388,0,
C05389,0,
C05390,0,
C05391,1,2025-06-13
C05392,0,
C05393,0,
C05394,0,
C05395,1,2024-09-22
C05396,0,
C05397,0,
C05398,0,
C05399,0,
C05400,0,
C05401,0,
C05402,1,2024-09-12
C05403,0,
C05404,0,
C05405,0,
C05406,0,
C05407,0,
C05408,0,
C05409,0,
C05410,0,
C05411,0,
C05412,0,
C05413,0,
C05414,1,2023-04-13
C05415,0,
C05416,0,
C05417,0,
C05418,0,
C05419,0,
C05420,1,2025-04-14
C05421,1,2025-12-23
C05422,0,
C05423,0,
C05424,0,
C05425,0,
C05426,0,
C05427,1,2025-09-25
C05428,0,
C05429,0,
C05430,1,2024-04-16
C05431,0,
C05432,1,2025-02-11
C05433,1,2024-11-23
C05434,0,
C05435,0,
C05436,0,
C05437,0,
C05438,0,
C05439,0,
C05440,1,2025-11-29
C05441,1,2024-10-22
C05442,0,
C05443,0,
C05444,1,2025-08-30
C05445,0,
C05446,0,
C05447,0,
C05448,0,
C05449,0,
C05450,0,
C05451,0,
C05452,0,
C05453,0,
C05454,0,
C05455,0,
C05456,0,
C05457,0,
C05458,0,
C05459,1,2025-09-03
C05460,0,
C05461,0,
C05462,0,
C05463,0,
C05464,0,
C05465,1,2025-07-20
C05466,0,
C05467,0,
C05468,0,
C05469,0,
C05470,0,
C05471,1,2023-10-18
C05472,0,
C05473,0,
C05474,0,
C05475,0,
C05476,0,
C05477,0,
C05478,0,
C05479,0,
C05480,0,
C05481,0,
C05482,0,
C05483,0,
C05484,1,2025-09-11
C05485,0,
C05486,1,2022-08-01
C05487,0,
C05488,0,
C05489,0,
C05490,1,2025-08-01
C05491,0,
C05492,0,
C05493,0,
C05494,0,
C05495,1,2024-04-21
C05496,0,
C05497,0,
C05498,0,
C05499,1,2024-03-01
C05500,0,
C05501,0,
C05502,1,2025-07-03
C05503,0,
C05504,0,
C05505,0,
C05506,0,
C05507,0,
C05508,0,
C05509,0,
C05510,0,
C05511,0,
C05512,0,
C05513,0,
C05514,0,
C05515,0,
C05516,1,2024-12-30
C05517,0,
C05518,1,2025-01-28
C05519,0,
C05520,1,2025-03-12
C05521,1,2025-01-13
C05522,0,
C05523,0,
C05524,0,
C05525,0,
C05526,0,
C05527,0,
C05528,0,
C05529,0,
C05530,1,2024-10-30
C05531,0,
C05532,0,
C05533,0,
C05534,0,
C05535,0,
C05536,0,
C05537,0,
C05538,0,
C05539,0,
C05540,0,
C05541,0,
C05542,0,
C05543,0,
C05544,0,
C05545,0,
C05546,0,
C05547,0,
C05548,0,
C05549,1,2025-12-25
C05550,1,2025-10-15
C05551,0,
C05552,0,
C05553,0,
C05554,0,
C05555,0,
C05556,0,
C05557,0,
C05558,1,2025-07-15
C05559,0,
C05560,0,
C05561,0,
C05562,0,
C05563,0,
C05564,0,
C05565,0,
C05566,0,
C05567,0,
C05568,0,
C05569,0,
C05570,0,
C05571,0,
C05572,0,
C05573,1,2024-05-30
C05574,0,
C05575,1,2024-05-15
C05576,1,2025-07-01
C05577,0,
C05578,0,
C05579,0,
C05580,0,
C05581,1,2023-03-31
C05582,0,
C05583,0,
C05584,0,
C05585,0,
C05586,0,
C05587,0,
C05588,0,
C05589,0,
C05590,1,2025-12-13
C05591,0,
C05592,0,
C05593,0,
C05594,0,
C05595,0,
C05596,1,2025-08-13
C05597,0,
C05598,0,
C05599,0,
C05600,0,
C05601,0,
C05602,0,
C05603,0,
C05604,0,
C05605,0,
C05606,0,
C05607,1,2025-11-20
C05608,0,
C05609,0,
C05610,0,
C05611,0,
C05612,1,2025-11-12
C05613,1,2025-11-13
C05614,0,
C05615,0,
C05616,0,
C05617,0,
C05618,0,
C05619,0,
C05620,0,
C05621,1,2024-11-24
C05622,0,
C05623,0,
C05624,0,
C05625,0,
C05626,0,
C05627,0,
C05628,1,2023-08-09
C05629,0,
C05630,1,2025-10-04
C05631,0,
C05632,1,2024-11-18
C05633,0,
C05634,0,
C05635,0,
C05636,0,
C05637,0,
C05638,0,
C05639,0,
C05640,0,
C05641,0,
C05642,0,
C05643,1,2024-10-25
C05644,0,
C05645,0,
C05646,0,
C05647,1,2025-07-11
C05648,0,
C05649,0,
C05650,0,
C05651,0,
C05652,0,
C05653,0,
C05654,1,2024-05-29
C05655,0,
C05656,0,
C05657,0,
C05658,0,
C05659,0,
C05660,1,2024-05-11
C05661,0,
C05662,0,
C05663,0,
C05664,0,
C05665,0,
C05666,0,
C05667,0,
C05668,0,
C05669,0,
C05670,0,
C05671,0,
C05672,0,
C05673,0,
C05674,0,
C05675,0,
C05676,0,
C05677,0,
C05678,0,
C05679,1,2025-03-28
C05680,1,2025-12-15
C05681,0,
C05682,0,
C05683,0,
C05684,0,
C05685,0,
C05686,1,2025-12-31
C05687,1,2025-01-16
C05688,0,
C05689,0,
C05690,0,
C05691,0,
C05692,0,
C05693,1,2025-11-25
C05694,0,
C05695,0,
C05696,0,
C05697,0,
C05698,0,
C05699,0,
C05700,0,
C05701,0,
C05702,0,
C05703,0,
C05704,0,
C05705,0,
C05706,0,
C05707,0,
C05708,1,2024-04-10
C05709,0,
C05710,0,
C05711,1,2025-12-24
C05712,1,2025-10-24
C05713,1,2024-04-10
C05714,0,
C05715,1,2024-06-18
C05716,0,
C05717,0,
C05718,0,
C05719,0,
C05720,0,
C05721,1,2025-09-17
C05722,0,
C05723,0,
C05724,0,
C05725,1,2022-06-17
C05726,0,
C05727,0,
C05728,1,2025-03-11
C05729,0,
C05730,0,
C05731,0,
C05732,0,
C05733,0,
C05734,1,2025-09-26
C05735,0,
C05736,1,2025-07-24
C05737,0,
C05738,1,2025-04-27
C05739,0,
C05740,0,
C05741,0,
C05742,0,
C05743,1,2025-04-28
C05744,0,
C05745,0,
C05746,0,
C05747,1,2025-07-23
C05748,0,
C05749,0,
C05750,0,
C05751,0,
C05752,0,
C05753,0,
C05754,0,
C05755,0,
C05756,0,
C05757,0,
C05758,0,
C05759,1,2025-10-10
C05760,0,
C05761,0,
C05762,0,
C05763,0,
C05764,0,
C05765,0,
C05766,0,
C05767,0,
C05768,0,
C05769,0,
C05770,1,2025-12-24
C05771,0,
C05772,0,
C05773,0,
C05774,0,
C05775,1,2025-11-29
C05776,0,
C05777,1,2025-06-03
C05778,0,
C05779,0,
C05780,0,
C05781,0,
C05782,0,
C05783,0,
C05784,1,2025-03-21
C05785,0,
C05786,0,
C05787,0,
C05788,0,
C05789,0,
C05790,0,
C05791,0,
C05792,0,
C05793,0,
C05794,0,
C05795,0,
C05796,1,2025-10-22
C05797,0,
C05798,1,2024-04-08
C05799,0,
C05800,1,2024-04-08
C05801,0,
C05802,0,
C05803,0,
C05804,0,
C05805,0,
C05806,0,
C05807,0,
C05808,0,
C05809,0,
C05810,0,
C05811,0,
C05812,1,2025-11-23
C05813,0,
C05814,0,
C05815,0,
C05816,0,
C05817,0,
C05818,0,
C05819,0,
C05820,0,
C05821,0,
C05822,0,
C05823,0,
C05824,0,
C05825,0,
C05826,0,
C05827,0,
C05828,0,
C05829,0,
C05830,0,
C05831,0,
C05832,0,
C05833,0,
C05834,1,2024-09-30
C05835,0,
C05836,0,
C05837,0,
C05838,0,
C05839,0,
C05840,1,2025-12-31
C05841,0,
C05842,0,
C05843,0,
C05844,0,
C05845,0,
C05846,0,
C05847,0,
C05848,0,
C05849,0,
C05850,0,
C05851,0,
C05852,0,
C05853,1,2025-11-24
C05854,0,
C05855,0,
C05856,0,
C05857,0,
C05858,1,2025-08-12
C05859,1,2024-07-26
C05860,0,
C05861,0,
C05862,1,2024-02-22
C05863,0,
C05864,0,
C05865,1,2025-12-28
C05866,0,
C05867,0,
C05868,0,
C05869,0,
C05870,0,
C05871,0,
C05872,0,
C05873,0,
C05874,0,
C05875,0,
C05876,0,
C05877,0,
C05878,0,
C05879,0,
C05880,0,
C05881,0,
C05882,0,
C05883,0,
C05884,0,
C05885,0,
C05886,0,
C05887,0,
C05888,0,
C05889,0,
C05890,1,2025-12-28
C05891,0,
C05892,0,
C05893,0,
C05894,1,2025-12-22
C05895,0,
C05896,1,2025-09-18
C05897,1,2025-02-22
C05898,0,
C05899,0,
C05900,1,2022-09-12
C05901,0,
C05902,0,
C05903,0,
C05904,0,
C05905,1,2024-06-03
C05906,0,
C05907,0,
C05908,1,2025-02-15
C05909,1,2025-09-13
C05910,0,
C05911,0,
C05912,1,2024-05-21
C05913,0,
C05914,1,2024-07-31
C05915,0,
C05916,0,
C05917,1,2024-07-30
C05918,0,
C05919,0,
C05920,0,
C05921,0,
C05922,0,
C05923,0,
C05924,0,
C05925,0,
C05926,0,
C05927,0,
C05928,0,
C05929,0,
C05930,0,
C05931,0,
C05932,1,2025-07-08
C05933,1,2025-10-06
C05934,0,
C05935,0,
C05936,0,
C05937,0,
C05938,0,
C05939,0,
C05940,0,
C05941,0,
C05942,1,2025-03-27
C05943,0,
C05944,0,
C05945,0,
C05946,0,
C05947,0,
C05948,0,
C05949,0,
C05950,0,
C05951,1,2025-09-30
C05952,0,
C05953,1,2025-10-06
C05954,0,
C05955,1,2024-06-29
C05956,0,
C05957,0,
C05958,0,
C05959,0,
C05960,0,
C05961,0,
C05962,0,
C05963,0,
C05964,0,
C05965,0,
C05966,0,
C05967,1,2024-09-18
C05968,0,
C05969,1,2023-12-17
C05970,1,2025-11-08
C05971,1,2025-09-06
C05972,0,
C05973,0,
C05974,1,2023-06-09
C05975,0,
C05976,0,
C05977,1,2025-11-10
C05978,0,
C05979,0,
C05980,0,
C05981,0,
C05982,0,
C05983,0,
C05984,1,2025-10-10
C05985,0,
C05986,0,
C05987,0,
C05988,0,
C05989,0,
C05990,0,
C05991,0,
C05992,0,
C05993,1,2025-05-14
C05994,1,2025-05-25
C05995,1,2024-10-02
C05996,0,
C05997,0,
C05998,0,
C05999,0,
C06000,0,
C06001,0,
C06002,0,
C06003,0,
C06004,1,2025-03-18
C06005,0,
C06006,1,2025-09-24
C06007,0,
C06008,0,
C06009,0,
C06010,1,2023-10-11
C06011,0,
C06012,0,
C06013,0,
C06014,0,
C06015,0,
C06016,1,2023-08-09
C06017,0,
C06018,0,
C06019,0,
C06020,0,
C06021,0,
C06022,1,2024-12-16
C06023,0,
C06024,1,2025-08-29
C06025,0,
C06026,0,
C06027,1,2025-05-16
C06028,0,
C06029,0,
C06030,0,
C06031,1,2024-12-21
C06032,0,
C06033,0,
C06034,1,2025-12-15
C06035,0,
C06036,0,
C06037,1,2025-04-02
C06038,0,
C06039,0,
C06040,1,2025-09-02
C06041,0,
C06042,0,
C06043,0,
C06044,0,
C06045,0,
C06046,0,
C06047,0,
C06048,0,
C06049,0,
C06050,0,
C06051,0,
C06052,0,
C06053,0,
C06054,1,2025-11-06
C06055,0,
C06056,0,
C06057,0,
C06058,0,
C06059,0,
C06060,0,
C06061,1,2023-12-20
C06062,1,2025-09-14
C06063,0,
C06064,0,
C06065,0,
C06066,0,
C06067,1,2025-09-22
C06068,0,
C06069,0,
C06070,0,
C06071,0,
C06072,0,
C06073,0,
C06074,1,2024-12-02
C06075,0,
C06076,0,
C06077,0,
C06078,0,
C06079,0,
C06080,0,
C06081,0,
C06082,0,
C06083,0,
C06084,0,
C06085,0,
C06086,0,
C06087,0,
C06088,0,
C06089,0,
C06090,0,
C06091,1,2025-04-08
C06092,0,
C06093,0,
C06094,0,
C06095,0,
C06096,0,
C06097,0,
C06098,0,
C06099,0,
C06100,0,
C06101,0,
C06102,0,
C06103,1,2024-05-15
C06104,1,2025-06-11
C06105,0,
C06106,0,
C06107,0,
C06108,0,
C06109,0,
C06110,1,2025-05-08
C06111,0,
C06112,0,
C06113,0,
C06114,0,
C06115,0,
C06116,0,
C06117,0,
C06118,0,
C06119,1,2025-11-28
C06120,0,
C06121,1,2024-06-11
C06122,0,
C06123,0,
C06124,0,
C06125,0,
C06126,0,
C06127,0,
C06128,0,
C06129,0,
C06130,0,
C06131,1,2022-05-04
C06132,0,
C06133,0,
C06134,0,
C06135,0,
C06136,0,
C06137,0,
C06138,1,2024-10-13
C06139,0,
C06140,0,
C06141,0,
C06142,0,
C06143,1,2024-09-17
C06144,1,2024-08-01
C06145,0,
C06146,0,
C06147,1,2025-03-20
C06148,0,
C06149,1,2025-02-11
C06150,0,
C06151,0,
C06152,0,
C06153,0,
C06154,0,
C06155,0,
C06156,0,
C06157,0,
C06158,1,2024-11-28
C06159,0,
C06160,0,
C06161,1,2025-02-15
C06162,0,
C06163,0,
C06164,0,
C06165,0,
C06166,0,
C06167,0,
C06168,0,
C06169,0,
C06170,0,
C06171,0,
C06172,0,
C06173,0,
C06174,1,2025-03-10
C06175,1,2025-08-19
C06176,0,
C06177,1,2025-08-21
C06178,0,
C06179,0,
C06180,0,
C06181,1,2025-04-12
C06182,1,2025-02-21
C06183,0,
C06184,0,
C06185,1,2025-08-24
C06186,0,
C06187,0,
C06188,0,
C06189,0,
C06190,0,
C06191,0,
C06192,0,
C06193,0,
C06194,0,
C06195,0,
C06196,0,
C06197,0,
C06198,0,
C06199,0,
C06200,0,
C06201,1,2025-10-15
C06202,0,
C06203,0,
C06204,0,
C06205,0,
C06206,0,
C06207,0,
C06208,0,
C06209,0,
C06210,0,
C06211,1,2025-10-02
C06212,1,2025-07-27
C06213,0,
C06214,0,
C06215,0,
C06216,1,2023-07-17
C06217,1,2025-12-23
C06218,0,
C06219,1,2022-12-08
C06220,0,
C06221,0,
C06222,0,
C06223,0,
C06224,1,2025-12-29
C06225,0,
C06226,0,
C06227,0,
C06228,1,2023-02-01
C06229,0,
C06230,1,2024-09-22
C06231,1,2025-11-29
C06232,0,
C06233,0,
C06234,1,2025-12-19
C06235,0,
C06236,0,
C06237,0,
C06238,0,
C06239,0,
C06240,0,
C06241,1,2025-08-21
C06242,1,2025-12-27
C06243,0,
C06244,0,
C06245,0,
C06246,0,
C06247,0,
C06248,0,
C06249,0,
C06250,0,
C06251,0,
C06252,0,
C06253,0,
C06254,0,
C06255,0,
C06256,0,
C06257,0,
C06258,0,
C06259,0,
C06260,0,
C06261,0,
C06262,1,2025-12-12
C06263,1,2024-12-02
C06264,1,2023-09-14
C06265,0,
C06266,1,2025-06-01
C06267,0,
C06268,0,
C06269,0,
C06270,1,2025-09-10
C06271,0,
C06272,0,
C06273,0,
C06274,0,
C06275,0,
C06276,0,
C06277,0,
C06278,0,
C06279,0,
C06280,1,2025-08-15
C06281,0,
C06282,0,
C06283,0,
C06284,0,
C06285,1,2025-10-26
C06286,0,
C06287,0,
C06288,0,
C06289,0,
C06290,1,2025-10-06
C06291,0,
C06292,0,
C06293,0,
C06294,0,
C06295,0,
C06296,1,2025-07-19
C06297,0,
C06298,0,
C06299,1,2024-09-22
C06300,0,
C06301,0,
C06302,0,
C06303,1,2024-11-11
C06304,0,
C06305,0,
C06306,0,
C06307,1,2025-12-08
C06308,1,2024-02-08
C06309,0,
C06310,0,
C06311,0,
C06312,1,2025-01-26
C06313,0,
C06314,0,
C06315,0,
C06316,0,
C06317,1,2023-02-08
C06318,0,
C06319,0,
C06320,0,
C06321,0,
C06322,0,
C06323,0,
C06324,1,2023-12-02
C06325,0,
C06326,0,
C06327,0,
C06328,1,2024-05-14
C06329,0,
C06330,0,
C06331,0,
C06332,0,
C06333,1,2024-01-23
C06334,0,
C06335,0,
C06336,0,
C06337,0,
C06338,0,
C06339,0,
C06340,0,
C06341,1,2025-08-14
C06342,0,
C06343,1,2025-09-18
C06344,1,2023-03-24
C06345,0,
C06346,0,
C06347,0,
C06348,0,
C06349,0,
C06350,0,
C06351,0,
C06352,0,
C06353,0,
C06354,1,2025-08-04
C06355,0,
C06356,1,2025-12-27
C06357,1,2023-01-11
C06358,0,
C06359,0,
C06360,1,2025-12-10
C06361,0,
C06362,0,
C06363,0,
C06364,0,
C06365,0,
C06366,0,
C06367,1,2023-05-31
C06368,1,2025-11-21
C06369,0,
C06370,0,
C06371,0,
C06372,0,
C06373,0,
C06374,0,
C06375,0,
C06376,0,
C06377,0,
C06378,0,
C06379,0,
C06380,0,
C06381,0,
C06382,0,
C06383,0,
C06384,0,
C06385,0,
C06386,0,
C06387,0,
C06388,1,2025-12-26
C06389,0,
C06390,0,
C06391,1,2025-03-05
C06392,1,2023-05-10
C06393,0,
C06394,0,
C06395,1,2023-03-10
C06396,0,
C06397,0,
C06398,0,
C06399,0,
C06400,0,
C06401,0,
C06402,0,
C06403,0,
C06404,0,
C06405,0,
C06406,0,
C06407,0,
C06408,0,
C06409,0,
C06410,0,
C06411,0,
C06412,1,2025-11-29
C06413,0,
C06414,0,
C06415,0,
C06416,0,
C06417,1,2024-07-19
C06418,0,
C06419,0,
C06420,1,2023-05-17
C06421,0,
C06422,1,2025-07-24
C06423,0,
C06424,0,
C06425,0,
C06426,0,
C06427,0,
C06428,0,
C06429,0,
C06430,0,
C06431,1,2022-12-19
C06432,0,
C06433,0,
C06434,0,
C06435,0,
C06436,0,
C06437,0,
C06438,0,
C06439,1,2025-09-17
C06440,1,2022-12-18
C06441,0,
C06442,0,
C06443,0,
C06444,1,2025-07-20
C06445,0,
C06446,1,2025-05-27
C06447,0,
C06448,1,2023-07-24
C06449,0,
C06450,0,
C06451,1,2025-09-20
C06452,0,
C06453,0,
C06454,0,
C06455,0,
C06456,0,
C06457,0,
C06458,0,
C06459,0,
C06460,1,2024-04-27
C06461,0,
C06462,0,
C06463,1,2023-01-05
C06464,0,
C06465,0,
C06466,0,
C06467,0,
C06468,0,
C06469,1,2025-10-22
C06470,0,
C06471,0,
C06472,0,
C06473,0,
C06474,1,2023-08-29
C06475,0,
C06476,0,
C06477,1,2024-10-03
C06478,1,2025-11-07
C06479,0,
C06480,0,
C06481,1,2025-07-23
C06482,0,
C06483,1,2025-09-01
C06484,0,
C06485,1,2025-12-30
C06486,0,
C06487,0,
C06488,0,
C06489,0,
C06490,0,
C06491,0,
C06492,0,
C06493,0,
C06494,0,
C06495,0,
C06496,0,
C06497,0,
C06498,0,
C06499,0,
C06500,0,
C06501,0,
C06502,1,2024-12-10
C06503,1,2025-07-29
C06504,0,
C06505,0,
C06506,0,
C06507,1,2024-10-22
C06508,0,
C06509,0,
C06510,1,2025-03-20
C06511,0,
C06512,1,2025-12-29
C06513,0,
C06514,0,
C06515,1,2025-08-21
C06516,0,
C06517,0,
C06518,0,
C06519,0,
C06520,0,
C06521,1,2024-12-09
C06522,0,
C06523,0,
C06524,0,
C06525,0,
C06526,0,
C06527,0,
C06528,0,
C06529,0,
C06530,0,
C06531,0,
C06532,0,
C06533,0,
C06534,0,
C06535,1,2024-04-29
C06536,1,2025-12-16
C06537,1,2025-03-29
C06538,1,2025-12-05
C06539,0,
C06540,0,
C06541,0,
C06542,0,
C06543,0,
C06544,0,
C06545,0,
C06546,0,
C06547,0,
C06548,0,
C06549,0,
C06550,0,
C06551,0,
C06552,1,2025-11-17
C06553,0,
C06554,1,2024-11-28
C06555,0,
C06556,0,
C06557,0,
C06558,1,2025-09-01
C06559,1,2025-12-25
C06560,1,2025-03-07
C06561,0,
C06562,1,2024-03-30
C06563,0,
C06564,1,2025-11-18
C06565,0,
C06566,0,
C06567,0,
C06568,0,
C06569,0,
C06570,0,
C06571,0,
C06572,0,
C06573,0,
C06574,0,
C06575,0,
C06576,0,
C06577,0,
C06578,1,2024-09-24
C06579,0,
C06580,0,
C06581,0,
C06582,0,
C06583,0,
C06584,0,
C06585,0,
C06586,1,2025-11-10
C06587,0,
C06588,0,
C06589,0,
C06590,0,
C06591,0,
C06592,0,
C06593,0,
C06594,0,
C06595,0,
C06596,0,
C06597,0,
C06598,0,
C06599,0,
C06600,0,
C06601,0,
C06602,0,
C06603,0,
C06604,0,
C06605,0,
C06606,0,
C06607,1,2025-12-21
C06608,0,
C06609,0,
C06610,0,
C06611,0,
C06612,0,
C06613,0,
C06614,0,
C06615,0,
C06616,0,
C06617,0,
C06618,0,
C06619,0,
C06620,0,
C06621,0,
C06622,0,
C06623,1,2025-05-17
C06624,0,
C06625,1,2025-12-15
C06626,0,
C06627,1,2024-03-09
C06628,0,
C06629,0,
C06630,0,
C06631,0,
C06632,0,
C06633,0,
C06634,0,
C06635,0,
C06636,0,
C06637,0,
C06638,0,
C06639,0,
C06640,0,
C06641,0,
C06642,0,
C06643,1,2025-01-23
C06644,0,
C06645,0,
C06646,0,
C06647,0,
C06648,0,
C06649,0,
C06650,0,
C06651,1,2025-10-02
C06652,0,
C06653,0,
C06654,0,
C06655,1,2025-08-02
C06656,0,
C06657,0,
C06658,0,
C06659,0,
C06660,0,
C06661,0,
C06662,1,2025-12-10
C06663,0,
C06664,1,2024-12-26
C06665,0,
C06666,0,
C06667,0,
C06668,0,
C06669,0,
C06670,0,
C06671,1,2024-11-28
C06672,1,2024-11-07
C06673,0,
C06674,0,
C06675,0,
C06676,0,
C06677,0,
C06678,0,
C06679,0,
C06680,0,
C06681,1,2025-12-10
C06682,1,2025-11-16
C06683,0,
C06684,0,
C06685,0,
C06686,0,
C06687,0,
C06688,0,
C06689,0,
C06690,0,
C06691,0,
C06692,0,
C06693,0,
C06694,0,
C06695,0,
C06696,0,
C06697,1,2025-12-09
C06698,0,
C06699,0,
C06700,0,
C06701,0,
C06702,1,2025-11-15
C06703,0,
C06704,0,
C06705,0,
C06706,0,
C06707,0,
C06708,0,
C06709,0,
C06710,0,
C06711,0,
C06712,0,
C06713,0,
C06714,0,
C06715,0,
C06716,0,
C06717,0,
C06718,0,
C06719,1,2024-11-25
C06720,0,
C06721,1,2024-08-04
C06722,0,
C06723,0,
C06724,0,
C06725,0,
C06726,0,
C06727,1,2024-08-28
C06728,0,
C06729,0,
C06730,0,
C06731,0,
C06732,0,
C06733,1,2022-05-03
C06734,0,
C06735,0,
C06736,0,
C06737,0,
C06738,1,2024-07-30
C06739,0,
C06740,1,2025-06-13
C06741,0,
C06742,0,
C06743,0,
C06744,0,
C06745,0,
C06746,1,2023-10-26
C06747,0,
C06748,1,2025-12-26
C06749,1,2025-10-23
C06750,0,
C06751,0,
C06752,0,
C06753,0,
C06754,0,
C06755,0,
C06756,0,
C06757,0,
C06758,0,
C06759,1,2025-12-16
C06760,0,
C06761,0,
C06762,1,2025-12-29
C06763,0,
C06764,0,
C06765,0,
C06766,0,
C06767,1,2024-12-06
C06768,0,
C06769,0,
C06770,0,
C06771,0,
C06772,0,
C06773,1,2025-12-18
C06774,0,
C06775,0,
C06776,0,
C06777,0,
C06778,0,
C06779,0,
C06780,0,
C06781,0,
C06782,1,2025-12-05
C06783,1,2024-02-06
C06784,0,
C06785,0,
C06786,0,
C06787,0,
C06788,0,
C06789,0,
C06790,0,
C06791,0,
C06792,0,
C06793,0,
C06794,1,2025-09-22
C06795,0,
C06796,0,
C06797,0,
C06798,0,
C06799,0,
C06800,0,
C06801,0,
C06802,0,
C06803,0,
C06804,1,2025-06-17
C06805,0,
C06806,0,
C06807,0,
C06808,1,2024-07-16
C06809,0,
C06810,0,
C06811,1,2025-11-23
C06812,0,
C06813,0,
C06814,0,
C06815,0,
C06816,0,
C06817,0,
C06818,0,
C06819,0,
C06820,0,
C06821,0,
C06822,1,2023-04-20
C06823,0,
C06824,0,
C06825,1,2025-09-16
C06826,0,
C06827,0,
C06828,1,2025-10-10
C06829,0,
C06830,0,
C06831,1,2025-02-14
C06832,0,
C06833,1,2025-07-19
C06834,0,
C06835,0,
C06836,1,2023-02-14
C06837,0,
C06838,1,2025-12-20
C06839,0,
C06840,0,
C06841,0,
C06842,0,
C06843,0,
C06844,0,
C06845,1,2025-10-13
C06846,0,
C06847,0,
C06848,0,
C06849,0,
C06850,0,
C06851,0,
C06852,0,
C06853,0,
C06854,0,
C06855,0,
C06856,0,
C06857,0,
C06858,0,
C06859,0,
C06860,0,
C06861,0,
C06862,0,
C06863,1,2025-11-05
C06864,0,
C06865,0,
C06866,1,2025-10-06
C06867,1,2025-10-26
C06868,0,
C06869,1,2023-02-17
C06870,0,
C06871,0,
C06872,0,
C06873,0,
C06874,1,2025-06-29
C06875,0,
C06876,0,
C06877,0,
C06878,0,
C06879,1,2023-08-11
C06880,0,
C06881,0,
C06882,0,
C06883,1,2025-10-05
C06884,0,
C06885,0,
C06886,0,
C06887,0,
C06888,0,
C06889,1,2024-05-17
C06890,0,
C06891,0,
C06892,0,
C06893,0,
C06894,0,
C06895,0,
C06896,0,
C06897,0,
C06898,0,
C06899,0,
C06900,0,
C06901,0,
C06902,0,
C06903,1,2023-06-09
C06904,0,
C06905,0,
C06906,0,
C06907,0,
C06908,1,2025-01-30
C06909,0,
C06910,0,
C06911,1,2025-11-20
C06912,0,
C06913,0,
C06914,0,
C06915,0,
C06916,0,
C06917,0,
C06918,0,
C06919,0,
C06920,0,
C06921,0,
C06922,0,
C06923,0,
C06924,1,2022-09-20
C06925,1,2025-07-16
C06926,0,
C06927,1,2025-10-06
C06928,0,
C06929,0,
C06930,0,
C06931,0,
C06932,1,2025-12-23
C06933,1,2023-03-07
C06934,1,2025-11-05
C06935,0,
C06936,0,
C06937,1,2025-04-05
C06938,0,
C06939,0,
C06940,0,
C06941,1,2025-12-01
C06942,0,
C06943,1,2025-10-05
C06944,1,2025-06-13
C06945,0,
C06946,0,
C06947,0,
C06948,1,2022-08-15
C06949,0,
C06950,1,2025-12-11
C06951,0,
C06952,0,
C06953,0,
C06954,1,2025-10-13
C06955,0,
C06956,0,
C06957,0,
C06958,0,
C06959,0,
C06960,1,2025-08-28
C06961,1,2024-09-23
C06962,0,
C06963,1,2025-11-29
C06964,1,2024-12-18
C06965,1,2025-11-16
C06966,0,
C06967,1,2025-12-08
C06968,0,
C06969,0,
C06970,0,
C06971,0,
C06972,0,
C06973,0,
C06974,0,
C06975,0,
C06976,0,
C06977,0,
C06978,0,
C06979,1,2025-07-07
C06980,0,
C06981,0,
C06982,0,
C06983,0,
C06984,1,2024-07-27
C06985,0,
C06986,0,
C06987,1,2024-01-02
C06988,0,
C06989,0,
C06990,0,
C06991,0,
C06992,1,2025-12-31
C06993,0,
C06994,0,
C06995,0,
C06996,0,
C06997,0,
C06998,0,
C06999,0,
C07000,0,
C07001,0,
C07002,1,2024-11-28
C07003,0,
C07004,0,
C07005,0,
C07006,1,2025-11-24
C07007,0,
C07008,0,
C07009,0,
C07010,1,2024-02-06
C07011,1,2025-04-09
C07012,0,
C07013,0,
C07014,0,
C07015,1,2025-02-23
C07016,0,
C07017,0,
C07018,0,
C07019,0,
C07020,0,
C07021,0,
C07022,1,2025-06-19
C07023,1,2025-12-20
C07024,0,
C07025,0,
C07026,0,
C07027,0,
C07028,0,
C07029,0,
C07030,0,
C07031,0,
C07032,0,
C07033,0,
C07034,0,
C07035,0,
C07036,0,
C07037,0,
C07038,0,
C07039,0,
C07040,0,
C07041,1,2023-03-02
C07042,0,
C07043,0,
C07044,0,
C07045,0,
C07046,1,2025-07-07
C07047,0,
C07048,0,
C07049,1,2025-12-01
C07050,0,
C07051,0,
C07052,0,
C07053,0,
C07054,0,
C07055,0,
C07056,0,
C07057,1,2023-02-02
C07058,0,
C07059,0,
C07060,0,
C07061,0,
C07062,0,
C07063,0,
C07064,0,
C07065,0,
C07066,0,
C07067,0,
C07068,0,
C07069,1,2025-11-12
C07070,0,
C07071,0,
C07072,0,
C07073,0,
C07074,0,
C07075,0,
C07076,0,
C07077,0,
C07078,0,
C07079,0,
C07080,0,
C07081,0,
C07082,0,
C07083,1,2025-04-21
C07084,1,2025-05-30
C07085,0,
C07086,0,
C07087,0,
C07088,0,
C07089,0,
C07090,0,
C07091,0,
C07092,0,
C07093,0,
C07094,0,
C07095,0,
C07096,0,
C07097,0,
C07098,0,
C07099,0,
C07100,0,
C07101,0,
C07102,0,
C07103,0,
C07104,0,
C07105,1,2025-06-18
C07106,0,
C07107,0,
C07108,0,
C07109,0,
C07110,0,
C07111,1,2024-03-24
C07112,0,
C07113,1,2025-08-23
C07114,0,
C07115,0,
C07116,0,
C07117,0,
C07118,0,
C07119,0,
C07120,0,
C07121,0,
C07122,1,2025-07-12
C07123,0,
C07124,1,2025-07-18
C07125,0,
C07126,0,
C07127,0,
C07128,0,
C07129,1,2025-05-31
C07130,1,2025-12-27
C07131,0,
C07132,0,
C07133,0,
C07134,0,
C07135,0,
C07136,0,
C07137,0,
C07138,0,
C07139,0,
C07140,0,
C07141,1,2025-07-31
C07142,0,
C07143,0,
C07144,1,2025-03-05
C07145,0,
C07146,0,
C07147,0,
C07148,1,2024-02-24
C07149,1,2025-08-11
C07150,1,2022-12-16
C07151,0,
C07152,0,
C07153,0,
C07154,0,
C07155,0,
C07156,0,
C07157,0,
C07158,0,
C07159,0,
C07160,0,
C07161,0,
C07162,0,
C07163,1,2025-02-12
C07164,0,
C07165,0,
C07166,0,
C07167,0,
C07168,0,
C07169,0,
C07170,1,2024-06-26
C07171,1,2024-12-02
C07172,0,
C07173,0,
C07174,0,
C07175,0,
C07176,0,
C07177,0,
C07178,0,
C07179,0,
C07180,0,
C07181,1,2024-07-03
C07182,0,
C07183,0,
C07184,0,
C07185,1,2024-11-27
C07186,1,2025-03-25
C07187,0,
C07188,1,2023-05-22
C07189,0,
C07190,1,2025-07-18
C07191,0,
C07192,1,2024-08-19
C07193,0,
C07194,1,2024-09-18
C07195,0,
C07196,0,
C07197,0,
C07198,1,2025-12-29
C07199,0,
C07200,0,
C07201,1,2025-07-01
C07202,0,
C07203,1,2024-01-18
C07204,0,
C07205,0,
C07206,0,
C07207,0,
C07208,0,
C07209,0,
C07210,0,
C07211,1,2024-12-12
C07212,1,2025-07-02
C07213,0,
C07214,0,
C07215,0,
C07216,0,
C07217,1,2024-08-28
C07218,0,
C07219,1,2024-12-15
C07220,0,
C07221,0,
C07222,1,2025-12-24
C07223,1,2025-10-16
C07224,0,
C07225,0,
C07226,0,
C07227,0,
C07228,0,
C07229,1,2023-11-26
C07230,0,
C07231,0,
C07232,0,
C07233,1,2025-08-20
C07234,0,
C07235,0,
C07236,0,
C07237,0,
C07238,0,
C07239,0,
C07240,0,
C07241,1,2023-11-03
C07242,1,2025-10-30
C07243,0,
C07244,0,
C07245,1,2023-12-29
C07246,0,
C07247,0,
C07248,0,
C07249,0,
C07250,0,
C07251,0,
C07252,0,
C07253,1,2024-05-18
C07254,0,
C07255,0,
C07256,0,
C07257,0,
C07258,0,
C07259,0,
C07260,0,
C07261,0,
C07262,1,2024-12-31
C07263,0,
C07264,0,
C07265,0,
C07266,1,2025-10-04
C07267,0,
C07268,0,
C07269,1,2025-03-20
C07270,1,2025-02-09
C07271,1,2024-12-18
C07272,0,
C07273,0,
C07274,0,
C07275,0,
C07276,0,
C07277,1,2025-08-28
C07278,0,
C07279,0,
C07280,0,
C07281,1,2025-10-31
C07282,0,
C07283,1,2023-09-29
C07284,0,
C07285,0,
C07286,0,
C07287,0,
C07288,1,2025-12-18
C07289,0,
C07290,1,2025-09-25
C07291,0,
C07292,0,
C07293,0,
C07294,0,
C07295,0,
C07296,1,2025-02-19
C07297,0,
C07298,0,
C07299,0,
C07300,0,
C07301,0,
C07302,1,2025-05-15
C07303,0,
C07304,0,
C07305,0,
C07306,0,
C07307,0,
C07308,0,
C07309,0,
C07310,1,2023-12-11
C07311,0,
C07312,0,
C07313,0,
C07314,0,
C07315,0,
C07316,0,
C07317,0,
C07318,1,2025-11-13
C07319,0,
C07320,0,
C07321,0,
C07322,0,
C07323,0,
C07324,0,
C07325,0,
C07326,0,
C07327,0,
C07328,0,
C07329,0,
C07330,0,
C07331,1,2024-12-26
C07332,0,
C07333,0,
C07334,0,
C07335,0,
C07336,0,
C07337,0,
C07338,0,
C07339,0,
C07340,0,
C07341,0,
C07342,0,
C07343,0,
C07344,0,
C07345,0,
C07346,0,
C07347,0,
C07348,1,2025-06-15
C07349,1,2025-05-26
C07350,0,
C07351,0,
C07352,1,2025-09-23
C07353,0,
C07354,0,
C07355,0,
C07356,1,2024-10-30
C07357,1,2025-09-24
C07358,0,
C07359,1,2024-01-19
C07360,0,
C07361,0,
C07362,0,
C07363,1,2025-12-11
C07364,0,
C07365,0,
C07366,0,
C07367,1,2025-12-12
C07368,0,
C07369,0,
C07370,0,
C07371,0,
C07372,0,
C07373,0,
C07374,1,2025-05-04
C07375,1,2025-07-26
C07376,1,2025-01-07
C07377,0,
C07378,0,
C07379,0,
C07380,1,2025-06-12
C07381,0,
C07382,1,2025-12-12
C07383,1,2025-08-31
C07384,0,
C07385,1,2025-11-09
C07386,1,2024-06-27
C07387,1,2023-09-19
C07388,1,2025-12-06
C07389,0,
C07390,0,
C07391,0,
C07392,0,
C07393,0,
C07394,0,
C07395,0,
C07396,1,2025-09-12
C07397,0,
C07398,0,
C07399,0,
C07400,0,
C07401,1,2025-07-02
C07402,0,
C07403,0,
C07404,0,
C07405,0,
C07406,1,2024-01-02
C07407,0,
C07408,0,
C07409,0,
C07410,0,
C07411,0,
C07412,0,
C07413,0,
C07414,0,
C07415,0,
C07416,0,
C07417,1,2025-06-11
C07418,1,2025-12-20
C07419,0,
C07420,0,
C07421,1,2025-10-08
C07422,0,
C07423,0,
C07424,0,
C07425,0,
C07426,0,
C07427,0,
C07428,1,2025-06-16
C07429,1,2025-12-21
C07430,1,2025-11-07
C07431,0,
C07432,0,
C07433,1,2025-06-10
C07434,0,
C07435,0,
C07436,0,
C07437,0,
C07438,0,
C07439,0,
C07440,0,
C07441,1,2025-04-09
C07442,0,
C07443,0,
C07444,0,
C07445,0,
C07446,1,2025-01-09
C07447,0,
C07448,0,
C07449,1,2023-09-11
C07450,0,
C07451,0,
C07452,1,2025-04-15
C07453,0,
C07454,1,2024-09-11
C07455,0,
C07456,0,
C07457,0,
C07458,0,
C07459,0,
C07460,0,
C07461,0,
C07462,0,
C07463,0,
C07464,1,2024-10-16
C07465,0,
C07466,0,
C07467,0,
C07468,1,2025-09-22
C07469,0,
C07470,1,2025-06-14
C07471,1,2024-10-03
C07472,0,
C07473,0,
C07474,0,
C07475,1,2025-10-30
C07476,0,
C07477,0,
C07478,0,
C07479,0,
C07480,0,
C07481,0,
C07482,1,2025-12-23
C07483,1,2024-02-17
C07484,0,
C07485,1,2025-11-02
C07486,0,
C07487,0,
C07488,1,2025-06-22
C07489,1,2024-03-01
C07490,0,
C07491,0,
C07492,0,
C07493,0,
C07494,1,2024-05-08
C07495,0,
C07496,1,2025-12-21
C07497,0,
C07498,0,
C07499,0,
C07500,0,
C07501,1,2025-04-07
C07502,0,
C07503,0,
C07504,0,
C07505,0,
C07506,1,2025-06-16
C07507,1,2025-02-24
C07508,0,
C07509,0,
C07510,0,
C07511,0,
C07512,0,
C07513,1,2023-06-13
C07514,0,
C07515,0,
C07516,0,
C07517,0,
C07518,0,
C07519,1,2023-12-16
C07520,0,
C07521,0,
C07522,0,
C07523,0,
C07524,0,
C07525,0,
C07526,1,2024-04-20
C07527,0,
C07528,0,
C07529,1,2025-08-17
C07530,1,2025-11-06
C07531,0,
C07532,0,
C07533,1,2024-04-15
C07534,0,
C07535,0,
C07536,0,
C07537,0,
C07538,0,
C07539,0,
C07540,0,
C07541,0,
C07542,1,2024-09-13
C07543,0,
C07544,0,
C07545,0,
C07546,0,
C07547,0,
C07548,0,
C07549,0,
C07550,1,2025-04-29
C07551,0,
C07552,0,
C07553,1,2025-09-18
C07554,0,
C07555,0,
C07556,0,
C07557,0,
C07558,0,
C07559,0,
C07560,0,
C07561,0,
C07562,0,
C07563,0,
C07564,0,
C07565,0,
C07566,0,
C07567,0,
C07568,0,
C07569,0,
C07570,0,
C07571,0,
C07572,0,
C07573,0,
C07574,0,
C07575,0,
C07576,1,2024-09-09
C07577,1,2025-03-06
C07578,0,
C07579,0,
C07580,0,
C07581,0,
C07582,0,
C07583,1,2025-08-05
C07584,1,2023-01-01
C07585,0,
C07586,0,
C07587,0,
C07588,0,
C07589,0,
C07590,0,
C07591,1,2025-11-05
C07592,0,
C07593,0,
C07594,0,
C07595,0,
C07596,0,
C07597,0,
C07598,0,
C07599,0,
C07600,0,
C07601,0,
C07602,0,
C07603,0,
C07604,0,
C07605,1,2025-07-12
C07606,1,2023-09-10
C07607,0,
C07608,0,
C07609,0,
C07610,0,
C07611,0,
C07612,0,
C07613,0,
C07614,0,
C07615,0,
C07616,1,2025-09-23
C07617,0,
C07618,0,
C07619,0,
C07620,0,
C07621,1,2025-02-16
C07622,0,
C07623,0,
C07624,0,
C07625,1,2025-02-21
C07626,0,
C07627,0,
C07628,0,
C07629,0,
C07630,1,2024-11-14
C07631,0,
C07632,0,
C07633,0,
C07634,0,
C07635,0,
C07636,0,
C07637,0,
C07638,1,2025-08-15
C07639,0,
C07640,1,2024-11-01
C07641,0,
C07642,0,
C07643,1,2025-05-13
C07644,0,
C07645,0,
C07646,0,
C07647,1,2025-12-09
C07648,1,2024-05-14
C07649,0,
C07650,0,
C07651,0,
C07652,0,
C07653,0,
C07654,0,
C07655,0,
C07656,0,
C07657,0,
C07658,1,2024-11-20
C07659,1,2024-09-19
C07660,0,
C07661,0,
C07662,0,
C07663,0,
C07664,0,
C07665,0,
C07666,0,
C07667,0,
C07668,1,2025-02-11
C07669,0,
C07670,0,
C07671,1,2025-11-09
C07672,0,
C07673,0,
C07674,0,
C07675,0,
C07676,0,
C07677,0,
C07678,0,
C07679,0,
C07680,0,
C07681,0,
C07682,0,
C07683,1,2025-05-29
C07684,0,
C07685,0,
C07686,0,
C07687,1,2025-12-24
C07688,1,2025-08-01
C07689,0,
C07690,0,
C07691,1,2025-02-02
C07692,0,
C07693,0,
C07694,0,
C07695,1,2025-06-10
C07696,0,
C07697,1,2024-10-22
C07698,0,
C07699,0,
C07700,0,
C07701,0,
C07702,0,
C07703,0,
C07704,0,
C07705,0,
C07706,0,
C07707,0,
C07708,0,
C07709,0,
C07710,0,
C07711,0,
C07712,0,
C07713,0,
C07714,1,2023-06-17
C07715,0,
C07716,0,
C07717,0,
C07718,0,
C07719,0,
C07720,0,
C07721,0,
C07722,0,
C07723,0,
C07724,1,2023-11-01
C07725,0,
C07726,1,2022-07-22
C07727,0,
C07728,0,
C07729,0,
C07730,0,
C07731,0,
C07732,0,
C07733,0,
C07734,0,
C07735,0,
C07736,0,
C07737,1,2025-08-03
C07738,0,
C07739,1,2024-01-04
C07740,0,
C07741,0,
C07742,0,
C07743,0,
C07744,0,
C07745,1,2025-11-19
C07746,0,
C07747,1,2024-05-01
C07748,0,
C07749,0,
C07750,0,
C07751,0,
C07752,0,
C07753,0,
C07754,0,
C07755,0,
C07756,0,
C07757,0,
C07758,0,
C07759,0,
C07760,0,
C07761,0,
C07762,0,
C07763,0,
C07764,0,
C07765,0,
C07766,1,2025-11-04
C07767,0,
C07768,0,
C07769,1,2025-07-19
C07770,0,
C07771,0,
C07772,0,
C07773,0,
C07774,0,
C07775,1,2024-11-07
C07776,1,2023-12-01
C07777,0,
C07778,0,
C07779,1,2025-10-21
C07780,0,
C07781,0,
C07782,0,
C07783,0,
C07784,1,2025-07-28
C07785,1,2024-01-29
C07786,0,
C07787,0,
C07788,0,
C07789,1,2023-10-20
C07790,0,
C07791,1,2025-09-21
C07792,0,
C07793,1,2025-10-02
C07794,0,
C07795,0,
C07796,0,
C07797,0,
C07798,0,
C07799,0,
C07800,0,
C07801,1,2023-09-24
C07802,0,
C07803,0,
C07804,1,2024-04-24
C07805,0,
C07806,0,
C07807,0,
C07808,0,
C07809,0,
C07810,1,2025-12-30
C07811,0,
C07812,0,
C07813,1,2024-05-11
C07814,0,
C07815,0,
C07816,0,
C07817,1,2025-12-06
C07818,0,
C07819,0,
C07820,0,
C07821,0,
C07822,0,
C07823,0,
C07824,0,
C07825,1,2025-04-08
C07826,0,
C07827,1,2025-03-10
C07828,0,
C07829,0,
C07830,0,
C07831,1,2022-12-28
C07832,1,2025-09-25
C07833,0,
C07834,0,
C07835,0,
C07836,1,2022-12-23
C07837,0,
C07838,0,
C07839,0,
C07840,0,
C07841,0,
C07842,0,
C07843,0,
C07844,0,
C07845,0,
C07846,0,
C07847,0,
C07848,0,
C07849,1,2024-04-06
C07850,1,2025-12-30
C07851,0,
C07852,0,
C07853,0,
C07854,1,2023-06-12
C07855,0,
C07856,0,
C07857,0,
C07858,0,
C07859,0,
C07860,0,
C07861,0,
C07862,1,2024-11-27
C07863,0,
C07864,0,
C07865,0,
C07866,1,2025-09-14
C07867,0,
C07868,0,
C07869,1,2025-07-25
C07870,0,
C07871,1,2025-12-24
C07872,0,
C07873,0,
C07874,0,
C07875,0,
C07876,0,
C07877,0,
C07878,0,
C07879,0,
C07880,0,
C07881,0,
C07882,0,
C07883,0,
C07884,0,
C07885,0,
C07886,0,
C07887,0,
C07888,0,
C07889,1,2025-11-08
C07890,0,
C07891,0,
C07892,0,
C07893,1,2025-08-20
C07894,0,
C07895,0,
C07896,1,2025-12-03
C07897,0,
C07898,0,
C07899,0,
C07900,1,2025-12-28
C07901,0,
C07902,0,
C07903,0,
C07904,0,
C07905,0,
C07906,0,
C07907,0,
C07908,0,
C07909,1,2025-05-09
C07910,0,
C07911,1,2025-01-22
C07912,1,2025-12-31
C07913,0,
C07914,0,
C07915,0,
C07916,0,
C07917,0,
C07918,0,
C07919,0,
C07920,1,2025-08-31
C07921,0,
C07922,0,
C07923,0,
C07924,0,
C07925,0,
C07926,0,
C07927,0,
C07928,0,
C07929,0,
C07930,1,2022-03-14
C07931,1,2025-07-20
C07932,0,
C07933,0,
C07934,0,
C07935,0,
C07936,0,
C07937,0,
C07938,0,
C07939,0,
C07940,1,2023-04-06
C07941,1,2025-11-08
C07942,0,
C07943,0,
C07944,0,
C07945,0,
C07946,0,
C07947,0,
C07948,0,
C07949,0,
C07950,0,
C07951,0,
C07952,1,2023-05-18
C07953,0,
C07954,0,
C07955,0,
C07956,0,
C07957,0,
C07958,0,
C07959,0,
C07960,1,2025-11-25
C07961,0,
C07962,0,
C07963,1,2025-12-15
C07964,0,
C07965,1,2025-03-08
C07966,0,
C07967,0,
C07968,1,2024-11-05
C07969,0,
C07970,1,2022-04-12
C07971,0,
C07972,1,2025-10-27
C07973,0,
C07974,0,
C07975,1,2025-07-10
C07976,0,
C07977,0,
C07978,0,
C07979,1,2024-12-08
C07980,0,
C07981,1,2025-06-29
C07982,0,
C07983,0,
C07984,1,2025-10-26
C07985,0,
C07986,0,
C07987,0,
C07988,0,
C07989,0,
C07990,1,2025-12-21
C07991,0,
C07992,0,
C07993,0,
C07994,0,
C07995,0,
C07996,0,
C07997,0,
C07998,0,
C07999,0,
C08000,0,
C08001,1,2023-07-14
C08002,0,
C08003,1,2025-06-29
C08004,0,
C08005,0,
C08006,0,
C08007,0,
C08008,0,
C08009,0,
C08010,0,
C08011,0,
C08012,0,
C08013,0,
C08014,0,
C08015,0,
C08016,0,
C08017,0,
C08018,0,
C08019,0,
C08020,1,2025-07-11
C08021,0,
C08022,0,
C08023,0,
C08024,1,2025-09-11
C08025,0,
C08026,0,
C08027,1,2025-12-28
C08028,0,
C08029,0,
C08030,1,2025-12-20
C08031,0,
C08032,0,
C08033,0,
C08034,0,
C08035,0,
C08036,1,2025-12-20
C08037,0,
C08038,1,2025-09-13
C08039,0,
C08040,0,
C08041,0,
C08042,0,
C08043,0,
C08044,0,
C08045,0,
C08046,0,
C08047,1,2025-08-25
C08048,0,
C08049,0,
C08050,1,2025-05-31
C08051,0,
C08052,0,
C08053,1,2025-08-31
C08054,0,
C08055,0,
C08056,1,2025-11-03
C08057,0,
C08058,0,
C08059,1,2025-09-27
C08060,0,
C08061,0,
C08062,0,
C08063,0,
C08064,0,
C08065,0,
C08066,0,
C08067,0,
C08068,0,
C08069,0,
C08070,1,2025-12-27
C08071,0,
C08072,0,
C08073,0,
C08074,0,
C08075,0,
C08076,0,
C08077,0,
C08078,1,2025-10-30
C08079,0,
C08080,0,
C08081,0,
C08082,0,
C08083,0,
C08084,0,
C08085,0,
C08086,0,
C08087,0,
C08088,1,2025-11-04
C08089,0,
C08090,0,
C08091,0,
C08092,1,2024-07-06
C08093,0,
C08094,0,
C08095,0,
C08096,0,
C08097,0,
C08098,1,2025-02-05
C08099,1,2024-05-03
C08100,1,2022-02-28
C08101,0,
C08102,1,2025-10-30
C08103,1,2025-11-30
C08104,0,
C08105,1,2025-09-17
C08106,0,
C08107,0,
C08108,0,
C08109,1,2023-10-03
C08110,1,2025-11-16
C08111,0,
C08112,0,
C08113,0,
C08114,0,
C08115,0,
C08116,1,2025-05-08
C08117,0,
C08118,0,
C08119,0,
C08120,0,
C08121,1,2024-08-26
C08122,1,2025-04-21
C08123,0,
C08124,0,
C08125,1,2025-12-19
C08126,1,2025-03-04
C08127,0,
C08128,0,
C08129,0,
C08130,0,
C08131,0,
C08132,0,
C08133,0,
C08134,0,
C08135,0,
C08136,0,
C08137,0,
C08138,0,
C08139,0,
C08140,0,
C08141,0,
C08142,0,
C08143,1,2025-08-20
C08144,1,2025-12-01
C08145,0,
C08146,0,
C08147,0,
C08148,0,
C08149,0,
C08150,0,
C08151,0,
C08152,1,2023-05-08
C08153,0,
C08154,0,
C08155,1,2024-02-17
C08156,0,
C08157,0,
C08158,0,
C08159,1,2024-07-11
C08160,0,
C08161,0,
C08162,0,
C08163,0,
C08164,0,
C08165,0,
C08166,1,2024-03-09
C08167,0,
C08168,0,
C08169,0,
C08170,0,
C08171,1,2024-09-19
C08172,0,
C08173,0,
C08174,1,2024-05-01
C08175,0,
C08176,0,
C08177,0,
C08178,0,
C08179,0,
C08180,0,
C08181,0,
C08182,0,
C08183,0,
C08184,0,
C08185,0,
C08186,0,
C08187,0,
C08188,0,
C08189,1,2025-03-04
C08190,0,
C08191,0,
C08192,0,
C08193,0,
C08194,0,
C08195,0,
C08196,1,2025-05-20
C08197,0,
C08198,0,
C08199,0,
C08200,0,
C08201,1,2025-12-10
C08202,0,
C08203,0,
C08204,0,
C08205,0,
C08206,0,
C08207,0,
C08208,1,2024-03-18
C08209,1,2025-07-20
C08210,0,
C08211,0,
C08212,0,
C08213,0,
C08214,0,
C08215,0,
C08216,1,2022-10-15
C08217,1,2024-11-15
C08218,0,
C08219,0,
C08220,0,
C08221,0,
C08222,0,
C08223,1,2025-04-19
C08224,0,
C08225,0,
C08226,0,
C08227,0,
C08228,0,
C08229,0,
C08230,0,
C08231,0,
C08232,1,2025-11-04
C08233,0,
C08234,0,
C08235,1,2025-03-29
C08236,0,
C08237,0,
C08238,1,2023-12-16
C08239,1,2025-10-29
C08240,0,
C08241,0,
C08242,0,
C08243,1,2024-10-30
C08244,0,
C08245,0,
C08246,0,
C08247,0,
C08248,0,
C08249,0,
C08250,0,
C08251,0,
C08252,0,
C08253,0,
C08254,0,
C08255,0,
C08256,0,
C08257,0,
C08258,0,
C08259,0,
C08260,1,2025-11-18
C08261,0,
C08262,0,
C08263,1,2023-11-12
C08264,0,
C08265,0,
C08266,0,
C08267,0,
C08268,0,
C08269,0,
C08270,0,
C08271,1,2025-09-26
C08272,0,
C08273,0,
C08274,0,
C08275,0,
C08276,0,
C08277,0,
C08278,0,
C08279,0,
C08280,0,
C08281,1,2024-04-01
C08282,0,
C08283,1,2024-02-26
C08284,0,
C08285,0,
C08286,0,
C08287,1,2024-09-16
C08288,0,
C08289,0,
C08290,1,2025-02-17
C08291,0,
C08292,1,2022-09-04
C08293,0,
C08294,0,
C08295,1,2023-05-10
C08296,0,
C08297,0,
C08298,0,
C08299,0,
C08300,0,
C08301,0,
C08302,0,
C08303,0,
C08304,1,2025-10-17
C08305,0,
C08306,0,
C08307,0,
C08308,0,
C08309,1,2025-05-04
C08310,1,2025-05-07
C08311,0,
C08312,0,
C08313,0,
C08314,0,
C08315,1,2024-09-06
C08316,0,
C08317,0,
C08318,0,
C08319,0,
C08320,0,
C08321,0,
C08322,0,
C08323,0,
C08324,0,
C08325,0,
C08326,0,
C08327,0,
C08328,0,
C08329,0,
C08330,0,
C08331,0,
C08332,0,
C08333,0,
C08334,0,
C08335,1,2023-12-20
C08336,0,
C08337,0,
C08338,0,
C08339,0,
C08340,0,
C08341,0,
C08342,0,
C08343,0,
C08344,0,
C08345,0,
C08346,0,
C08347,0,
C08348,0,
C08349,0,
C08350,0,
C08351,0,
C08352,0,
C08353,0,
C08354,0,
C08355,0,
C08356,0,
C08357,0,
C08358,0,
C08359,0,
C08360,0,
C08361,1,2025-11-20
C08362,0,
C08363,0,
C08364,0,
C08365,0,
C08366,1,2022-05-03
C08367,0,
C08368,0,
C08369,0,
C08370,0,
C08371,0,
C08372,1,2025-07-21
C08373,0,
C08374,0,
C08375,0,
C08376,0,
C08377,0,
C08378,0,
C08379,0,
C08380,0,
C08381,0,
C08382,0,
C08383,0,
C08384,1,2024-08-05
C08385,0,
C08386,0,
C08387,0,
C08388,1,2025-10-05
C08389,0,
C08390,0,
C08391,0,
C08392,0,
C08393,1,2025-12-22
C08394,0,
C08395,0,
C08396,0,
C08397,0,
C08398,0,
C08399,0,
C08400,0,
C08401,0,
C08402,0,
C08403,0,
C08404,0,
C08405,0,
C08406,0,
C08407,0,
C08408,0,
C08409,0,
C08410,0,
C08411,0,
C08412,0,
C08413,0,
C08414,0,
C08415,0,
C08416,0,
C08417,0,
C08418,1,2024-10-18
C08419,0,
C08420,1,2025-08-29
C08421,0,
C08422,0,
C08423,1,2025-08-04
C08424,0,
C08425,0,
C08426,0,
C08427,0,
C08428,0,
C08429,0,
C08430,0,
C08431,1,2025-12-27
C08432,0,
C08433,0,
C08434,0,
C08435,0,
C08436,1,2025-12-11
C08437,0,
C08438,1,2022-12-27
C08439,0,
C08440,0,
C08441,0,
C08442,0,
C08443,0,
C08444,0,
C08445,0,
C08446,0,
C08447,0,
C08448,0,
C08449,0,
C08450,0,
C08451,0,
C08452,0,
C08453,0,
C08454,0,
C08455,0,
C08456,0,
C08457,0,
C08458,0,
C08459,0,
C08460,0,
C08461,0,
C08462,0,
C08463,0,
C08464,0,
C08465,0,
C08466,0,
C08467,0,
C08468,0,
C08469,0,
C08470,0,
C08471,0,
C08472,1,2023-08-02
C08473,0,
C08474,0,
C08475,0,
C08476,0,
C08477,0,
C08478,0,
C08479,0,
C08480,0,
C08481,0,
C08482,0,
C08483,0,
C08484,0,
C08485,0,
C08486,0,
C08487,1,2025-05-04
C08488,0,
C08489,0,
C08490,0,
C08491,0,
C08492,0,
C08493,1,2025-12-14
C08494,1,2024-09-23
C08495,1,2025-12-12
C08496,0,
C08497,0,
C08498,0,
C08499,1,2025-09-13
C08500,0,
C08501,1,2024-11-02
C08502,1,2025-12-31
C08503,0,
C08504,1,2024-11-28
C08505,1,2024-06-28
C08506,0,
C08507,0,
C08508,0,
C08509,0,
C08510,0,
C08511,0,
C08512,0,
C08513,0,
C08514,0,
C08515,1,2023-02-01
C08516,1,2025-12-11
C08517,0,
C08518,0,
C08519,0,
C08520,1,2025-08-24
C08521,0,
C08522,0,
C08523,0,
C08524,0,
C08525,0,
C08526,0,
C08527,0,
C08528,0,
C08529,0,
C08530,0,
C08531,0,
C08532,0,
C08533,1,2025-11-26
C08534,0,
C08535,0,
C08536,0,
C08537,0,
C08538,0,
C08539,0,
C08540,0,
C08541,0,
C08542,0,
C08543,0,
C08544,0,
C08545,0,
C08546,0,
C08547,0,
C08548,0,
C08549,0,
C08550,0,
C08551,0,
C08552,1,2023-10-29
C08553,0,
C08554,0,
C08555,0,
C08556,0,
C08557,0,
C08558,0,
C08559,0,
C08560,0,
C08561,0,
C08562,0,
C08563,1,2025-05-28
C08564,1,2025-07-28
C08565,0,
C08566,0,
C08567,0,
C08568,0,
C08569,0,
C08570,0,
C08571,0,
C08572,1,2024-09-25
C08573,0,
C08574,0,
C08575,0,
C08576,0,
C08577,0,
C08578,0,
C08579,0,
C08580,0,
C08581,0,
C08582,0,
C08583,1,2023-11-17
C08584,0,
C08585,0,
C08586,0,
C08587,0,
C08588,0,
C08589,0,
C08590,0,
C08591,1,2025-05-16
C08592,0,
C08593,0,
C08594,1,2024-04-05
C08595,0,
C08596,0,
C08597,0,
C08598,0,
C08599,0,
C08600,1,2025-10-24
C08601,0,
C08602,1,2024-07-05
C08603,0,
C08604,0,
C08605,0,
C08606,0,
C08607,0,
C08608,0,
C08609,1,2025-06-30
C08610,0,
C08611,0,
C08612,0,
C08613,0,
C08614,0,
C08615,0,
C08616,0,
C08617,1,2025-03-08
C08618,0,
C08619,0,
C08620,0,
C08621,0,
C08622,1,2025-07-22
C08623,0,
C08624,0,
C08625,0,
C08626,1,2024-04-10
C08627,0,
C08628,0,
C08629,0,
C08630,0,
C08631,0,
C08632,1,2022-07-14
C08633,0,
C08634,0,
C08635,1,2024-07-13
C08636,0,
C08637,0,
C08638,0,
C08639,0,
C08640,0,
C08641,0,
C08642,0,
C08643,0,
C08644,0,
C08645,0,
C08646,0,
C08647,0,
C08648,0,
C08649,0,
C08650,0,
C08651,0,
C08652,0,
C08653,1,2024-09-18
C08654,1,2025-12-05
C08655,0,
C08656,1,2024-11-11
C08657,0,
C08658,0,
C08659,0,
C08660,0,
C08661,0,
C08662,0,
C08663,0,
C08664,0,
C08665,0,
C08666,0,
C08667,0,
C08668,0,
C08669,0,
C08670,0,
C08671,0,
C08672,1,2025-10-25
C08673,0,
C08674,0,
C08675,0,
C08676,0,
C08677,1,2025-09-12
C08678,1,2023-11-26
C08679,0,
C08680,0,
C08681,0,
C08682,0,
C08683,0,
C08684,0,
C08685,1,2025-02-19
C08686,0,
C08687,1,2025-11-15
C08688,0,
C08689,1,2024-09-08
C08690,0,
C08691,0,
C08692,1,2024-07-09
C08693,0,
C08694,0,
C08695,0,
C08696,0,
C08697,0,
C08698,0,
C08699,0,
C08700,0,
C08701,0,
C08702,0,
C08703,0,
C08704,0,
C08705,0,
C08706,1,2025-12-17
C08707,0,
C08708,0,
C08709,0,
C08710,0,
C08711,1,2024-01-23
C08712,1,2022-07-26
C08713,0,
C08714,0,
C08715,0,
C08716,0,
C08717,0,
C08718,0,
C08719,0,
C08720,0,
C08721,0,
C08722,0,
C08723,0,
C08724,1,2025-09-21
C08725,0,
C08726,0,
C08727,0,
C08728,1,2025-07-28
C08729,0,
C08730,0,
C08731,0,
C08732,0,
C08733,0,
C08734,0,
C08735,0,
C08736,0,
C08737,0,
C08738,0,
C08739,0,
C08740,0,
C08741,0,
C08742,0,
C08743,0,
C08744,0,
C08745,0,
C08746,0,
C08747,0,
C08748,0,
C08749,1,2025-09-22
C08750,0,
C08751,0,
C08752,0,
C08753,0,
C08754,0,
C08755,0,
C08756,1,2025-07-30
C08757,0,
C08758,1,2025-12-03
C08759,0,
C08760,0,
C08761,0,
C08762,0,
C08763,0,
C08764,0,
C08765,0,
C08766,0,
C08767,0,
C08768,0,
C08769,0,
C08770,0,
C08771,0,
C08772,0,
C08773,0,
C08774,0,
C08775,0,
C08776,0,
C08777,0,
C08778,1,2025-11-18
C08779,0,
C08780,0,
C08781,0,
C08782,0,
C08783,0,
C08784,0,
C08785,0,
C08786,1,2025-11-01
C08787,0,
C08788,0,
C08789,0,
C08790,0,
C08791,0,
C08792,1,2023-04-24
C08793,0,
C08794,0,
C08795,0,
C08796,0,
C08797,0,
C08798,1,2024-05-15
C08799,1,2025-09-05
C08800,0,
C08801,1,2024-11-21
C08802,1,2025-04-22
C08803,0,
C08804,0,
C08805,0,
C08806,0,
C08807,1,2025-11-28
C08808,0,
C08809,0,
C08810,0,
C08811,1,2025-07-07
C08812,0,
C08813,1,2025-04-14
C08814,0,
C08815,0,
C08816,0,
C08817,1,2025-12-13
C08818,0,
C08819,0,
C08820,0,
C08821,0,
C08822,0,
C08823,0,
C08824,0,
C08825,1,2024-09-03
C08826,0,
C08827,0,
C08828,0,
C08829,0,
C08830,0,
C08831,0,
C08832,0,
C08833,0,
C08834,0,
C08835,1,2025-08-09
C08836,1,2024-11-17
C08837,0,
C08838,1,2025-12-21
C08839,0,
C08840,0,
C08841,1,2024-12-20
C08842,0,
C08843,0,
C08844,1,2025-08-10
C08845,0,
C08846,0,
C08847,0,
C08848,1,2025-11-05
C08849,0,
C08850,0,
C08851,0,
C08852,0,
C08853,0,
C08854,0,
C08855,1,2025-07-01
C08856,1,2025-06-18
C08857,1,2023-06-10
C08858,0,
C08859,1,2024-11-25
C08860,0,
C08861,0,
C08862,1,2025-11-15
C08863,0,
C08864,0,
C08865,0,
C08866,0,
C08867,0,
C08868,1,2025-09-21
C08869,0,
C08870,1,2025-08-03
C08871,1,2024-03-01
C08872,0,
C08873,0,
C08874,0,
C08875,0,
C08876,0,
C08877,0,
C08878,0,
C08879,0,
C08880,0,
C08881,0,
C08882,1,2025-06-06
C08883,0,
C08884,0,
C08885,0,
C08886,0,
C08887,1,2025-07-01
C08888,0,
C08889,0,
C08890,0,
C08891,0,
C08892,0,
C08893,0,
C08894,0,
C08895,1,2024-11-10
C08896,0,
C08897,0,
C08898,0,
C08899,0,
C08900,0,
C08901,0,
C08902,0,
C08903,0,
C08904,0,
C08905,0,
C08906,0,
C08907,0,
C08908,0,
C08909,1,2024-08-14
C08910,0,
C08911,0,
C08912,0,
C08913,0,
C08914,0,
C08915,0,
C08916,1,2025-10-09
C08917,1,2025-09-26
C08918,0,
C08919,0,
C08920,0,
C08921,1,2024-09-08
C08922,0,
C08923,0,
C08924,0,
C08925,0,
C08926,1,2023-11-17
C08927,0,
C08928,0,
C08929,0,
C08930,0,
C08931,0,
C08932,0,
C08933,0,
C08934,0,
C08935,0,
C08936,1,2025-08-25
C08937,0,
C08938,0,
C08939,0,
C08940,0,
C08941,0,
C08942,0,
C08943,0,
C08944,0,
C08945,0,
C08946,0,
C08947,0,
C08948,0,
C08949,0,
C08950,0,
C08951,1,2025-10-04
C08952,1,2022-08-19
C08953,1,2023-10-25
C08954,0,
C08955,0,
C08956,0,
C08957,0,
C08958,1,2024-03-27
C08959,0,
C08960,0,
C08961,0,
C08962,1,2024-05-04
C08963,0,
C08964,0,
C08965,1,2023-03-29
C08966,0,
C08967,0,
C08968,0,
C08969,0,
C08970,1,2025-09-07
C08971,0,
C08972,0,
C08973,0,
C08974,0,
C08975,0,
C08976,1,2025-11-08
C08977,1,2025-11-23
C08978,0,
C08979,0,
C08980,0,
C08981,0,
C08982,0,
C08983,0,
C08984,0,
C08985,0,
C08986,0,
C08987,0,
C08988,0,
C08989,1,2024-11-06
C08990,0,
C08991,0,
C08992,1,2025-05-14
C08993,0,
C08994,0,
C08995,1,2025-11-16
C08996,0,
C08997,0,
C08998,0,
C08999,1,2023-06-30
C09000,0,
C09001,0,
C09002,0,
C09003,0,
C09004,1,2025-10-06
C09005,0,
C09006,0,
C09007,0,
C09008,0,
C09009,0,
C09010,1,2025-12-25
C09011,1,2023-09-16
C09012,1,2023-06-26
C09013,0,
C09014,0,
C09015,0,
C09016,1,2025-11-04
C09017,0,
C09018,0,
C09019,0,
C09020,0,
C09021,0,
C09022,0,
C09023,1,2025-06-13
C09024,1,2025-03-18
C09025,1,2025-07-22
C09026,1,2023-03-15
C09027,1,2025-07-14
C09028,0,
C09029,1,2025-10-30
C09030,0,
C09031,0,
C09032,0,
C09033,0,
C09034,0,
C09035,1,2025-11-07
C09036,0,
C09037,0,
C09038,0,
C09039,0,
C09040,0,
C09041,0,
C09042,0,
C09043,1,2025-12-30
C09044,0,
C09045,1,2024-08-09
C09046,0,
C09047,0,
C09048,0,
C09049,0,
C09050,0,
C09051,0,
C09052,0,
C09053,1,2025-08-07
C09054,0,
C09055,0,
C09056,0,
C09057,0,
C09058,0,
C09059,0,
C09060,1,2024-12-15
C09061,1,2024-08-15
C09062,0,
C09063,0,
C09064,0,
C09065,0,
C09066,0,
C09067,0,
C09068,0,
C09069,0,
C09070,0,
C09071,0,
C09072,0,
C09073,0,
C09074,0,
C09075,0,
C09076,0,
C09077,0,
C09078,0,
C09079,0,
C09080,0,
C09081,0,
C09082,1,2024-01-04
C09083,0,
C09084,0,
C09085,1,2025-12-26
C09086,0,
C09087,1,2025-10-19
C09088,0,
C09089,0,
C09090,1,2025-10-17
C09091,0,
C09092,1,2024-10-24
C09093,0,
C09094,0,
C09095,0,
C09096,0,
C09097,0,
C09098,0,
C09099,0,
C09100,0,
C09101,1,2025-12-01
C09102,0,
C09103,1,2025-09-22
C09104,0,
C09105,0,
C09106,0,
C09107,0,
C09108,0,
C09109,0,
C09110,0,
C09111,0,
C09112,0,
C09113,0,
C09114,0,
C09115,0,
C09116,0,
C09117,0,
C09118,0,
C09119,0,
C09120,0,
C09121,0,
C09122,0,
C09123,0,
C09124,0,
C09125,0,
C09126,0,
C09127,0,
C09128,0,
C09129,0,
C09130,0,
C09131,0,
C09132,0,
C09133,1,2025-07-15
C09134,0,
C09135,1,2024-10-13
C09136,0,
C09137,0,
C09138,0,
C09139,0,
C09140,0,
C09141,0,
C09142,0,
C09143,0,
C09144,0,
C09145,1,2024-03-06
C09146,0,
C09147,0,
C09148,0,
C09149,1,2024-12-17
C09150,0,
C09151,0,
C09152,0,
C09153,0,
C09154,0,
C09155,0,
C09156,0,
C09157,1,2025-12-22
C09158,1,2025-12-27
C09159,0,
C09160,0,
C09161,0,
C09162,0,
C09163,0,
C09164,0,
C09165,0,
C09166,0,
C09167,0,
C09168,0,
C09169,1,2024-07-15
C09170,0,
C09171,0,
C09172,0,
C09173,0,
C09174,0,
C09175,0,
C09176,0,
C09177,0,
C09178,0,
C09179,1,2025-02-01
C09180,0,
C09181,0,
C09182,0,
C09183,0,
C09184,0,
C09185,0,
C09186,0,
C09187,0,
C09188,0,
C09189,1,2025-12-28
C09190,0,
C09191,0,
C09192,0,
C09193,0,
C09194,1,2025-12-16
C09195,0,
C09196,0,
C09197,0,
C09198,1,2025-04-03
C09199,0,
C09200,0,
C09201,0,
C09202,0,
C09203,0,
C09204,0,
C09205,0,
C09206,0,
C09207,0,
C09208,1,2024-11-22
C09209,0,
C09210,0,
C09211,0,
C09212,1,2025-11-18
C09213,0,
C09214,1,2024-01-26
C09215,0,
C09216,0,
C09217,0,
C09218,0,
C09219,0,
C09220,0,
C09221,0,
C09222,0,
C09223,0,
C09224,0,
C09225,1,2023-01-08
C09226,0,
C09227,0,
C09228,0,
C09229,0,
C09230,0,
C09231,1,2025-12-01
C09232,0,
C09233,0,
C09234,0,
C09235,0,
C09236,1,2025-03-06
C09237,0,
C09238,0,
C09239,0,
C09240,1,2025-09-24
C09241,0,
C09242,0,
C09243,0,
C09244,0,
C09245,1,2025-01-04
C09246,0,
C09247,1,2025-04-07
C09248,0,
C09249,0,
C09250,0,
C09251,0,
C09252,0,
C09253,0,
C09254,0,
C09255,0,
C09256,0,
C09257,0,
C09258,0,
C09259,0,
C09260,0,
C09261,0,
C09262,0,
C09263,0,
C09264,0,
C09265,0,
C09266,1,2025-06-29
C09267,1,2025-10-19
C09268,1,2025-03-16
C09269,0,
C09270,0,
C09271,0,
C09272,0,
C09273,0,
C09274,0,
C09275,0,
C09276,0,
C09277,0,
C09278,0,
C09279,0,
C09280,0,
C09281,0,
C09282,0,
C09283,1,2025-06-18
C09284,0,
C09285,1,2025-06-02
C09286,0,
C09287,0,
C09288,0,
C09289,1,2024-02-17
C09290,1,2023-08-10
C09291,0,
C09292,0,
C09293,0,
C09294,0,
C09295,0,
C09296,0,
C09297,0,
C09298,0,
C09299,0,
C09300,1,2025-12-22
C09301,0,
C09302,0,
C09303,0,
C09304,0,
C09305,0,
C09306,0,
C09307,1,2025-12-25
C09308,0,
C09309,1,2025-12-03
C09310,1,2024-11-03
C09311,0,
C09312,0,
C09313,0,
C09314,0,
C09315,1,2025-11-17
C09316,0,
C09317,0,
C09318,0,
C09319,0,
C09320,1,2024-12-20
C09321,0,
C09322,0,
C09323,0,
C09324,1,2024-03-29
C09325,0,
C09326,0,
C09327,1,2024-08-09
C09328,0,
C09329,0,
C09330,0,
C09331,0,
C09332,1,2025-06-14
C09333,0,
C09334,0,
C09335,0,
C09336,1,2023-01-17
C09337,0,
C09338,0,
C09339,0,
C09340,0,
C09341,0,
C09342,0,
C09343,0,
C09344,0,
C09345,0,
C09346,1,2023-11-25
C09347,0,
C09348,0,
C09349,0,
C09350,0,
C09351,0,
C09352,0,
C09353,0,
C09354,0,
C09355,0,
C09356,0,
C09357,1,2025-07-06
C09358,0,
C09359,0,
C09360,0,
C09361,0,
C09362,0,
C09363,0,
C09364,1,2025-02-26
C09365,0,
C09366,0,
C09367,1,2022-11-30
C09368,1,2024-09-26
C09369,0,
C09370,0,
C09371,1,2025-11-28
C09372,0,
C09373,0,
C09374,0,
C09375,0,
C09376,0,
C09377,1,2024-12-28
C09378,0,
C09379,1,2023-10-11
C09380,0,
C09381,0,
C09382,0,
C09383,0,
C09384,0,
C09385,0,
C09386,0,
C09387,0,
C09388,0,
C09389,0,
C09390,0,
C09391,0,
C09392,0,
C09393,1,2025-11-20
C09394,0,
C09395,0,
C09396,0,
C09397,0,
C09398,0,
C09399,0,
C09400,0,
C09401,1,2025-08-20
C09402,1,2022-03-04
C09403,0,
C09404,0,
C09405,0,
C09406,0,
C09407,0,
C09408,0,
C09409,1,2025-10-14
C09410,0,
C09411,1,2025-01-30
C09412,0,
C09413,1,2025-09-10
C09414,0,
C09415,0,
C09416,0,
C09417,0,
C09418,0,
C09419,1,2025-12-04
C09420,0,
C09421,0,
C09422,0,
C09423,0,
C09424,0,
C09425,0,
C09426,0,
C09427,0,
C09428,0,
C09429,1,2025-06-28
C09430,0,
C09431,0,
C09432,0,
C09433,0,
C09434,0,
C09435,0,
C09436,0,
C09437,0,
C09438,0,
C09439,0,
C09440,1,2022-08-30
C09441,0,
C09442,0,
C09443,0,
C09444,0,
C09445,0,
C09446,1,2025-09-27
C09447,1,2025-12-16
C09448,0,
C09449,1,2023-11-10
C09450,0,
C09451,1,2024-04-01
C09452,0,
C09453,0,
C09454,0,
C09455,0,
C09456,0,
C09457,1,2025-09-20
C09458,0,
C09459,0,
C09460,0,
C09461,0,
C09462,0,
C09463,1,2025-09-23
C09464,1,2023-08-17
C09465,0,
C09466,0,
C09467,0,
C09468,0,
C09469,0,
C09470,0,
C09471,0,
C09472,0,
C09473,0,
C09474,0,
C09475,0,
C09476,0,
C09477,0,
C09478,0,
C09479,1,2023-12-28
C09480,0,
C09481,0,
C09482,0,
C09483,1,2025-06-06
C09484,0,
C09485,0,
C09486,0,
C09487,1,2025-12-27
C09488,1,2023-12-19
C09489,0,
C09490,0,
C09491,0,
C09492,0,
C09493,0,
C09494,0,
C09495,0,
C09496,0,
C09497,0,
C09498,1,2024-12-25
C09499,0,
C09500,0,
C09501,0,
C09502,0,
C09503,0,
C09504,0,
C09505,0,
C09506,0,
C09507,0,
C09508,0,
C09509,0,
C09510,1,2025-02-09
C09511,0,
C09512,1,2025-03-27
C09513,0,
C09514,0,
C09515,0,
C09516,0,
C09517,0,
C09518,1,2024-12-11
C09519,0,
C09520,0,
C09521,0,
C09522,0,
C09523,1,2024-01-30
C09524,0,
C09525,0,
C09526,0,
C09527,0,
C09528,0,
C09529,0,
C09530,0,
C09531,1,2025-06-13
C09532,0,
C09533,0,
C09534,0,
C09535,1,2025-08-29
C09536,0,
C09537,0,
C09538,0,
C09539,0,
C09540,0,
C09541,1,2024-10-03
C09542,0,
C09543,0,
C09544,0,
C09545,0,
C09546,0,
C09547,0,
C09548,0,
C09549,0,
C09550,0,
C09551,1,2022-07-18
C09552,0,
C09553,0,
C09554,0,
C09555,0,
C09556,1,2025-02-03
C09557,0,
C09558,1,2025-05-19
C09559,0,
C09560,0,
C09561,0,
C09562,1,2024-03-10
C09563,0,
C09564,0,
C09565,0,
C09566,0,
C09567,0,
C09568,0,
C09569,1,2023-10-24
C09570,0,
C09571,0,
C09572,0,
C09573,0,
C09574,0,
C09575,1,2023-11-21
C09576,1,2025-07-10
C09577,0,
C09578,0,
C09579,0,
C09580,0,
C09581,0,
C09582,0,
C09583,0,
C09584,0,
C09585,0,
C09586,0,
C09587,0,
C09588,1,2025-05-18
C09589,1,2025-04-25
C09590,1,2025-04-02
C09591,0,
C09592,0,
C09593,0,
C09594,1,2025-10-03
C09595,1,2025-12-08
C09596,0,
C09597,0,
C09598,0,
C09599,0,
C09600,0,
C09601,0,
C09602,0,
C09603,0,
C09604,0,
C09605,0,
C09606,1,2025-06-07
C09607,0,
C09608,0,
C09609,0,
C09610,1,2024-06-26
C09611,0,
C09612,0,
C09613,0,
C09614,1,2025-12-08
C09615,0,
C09616,0,
C09617,0,
C09618,0,
C09619,0,
C09620,0,
C09621,0,
C09622,0,
C09623,0,
C09624,0,
C09625,0,
C09626,0,
C09627,0,
C09628,1,2025-05-24
C09629,0,
C09630,0,
C09631,1,2023-10-10
C09632,0,
C09633,0,
C09634,0,
C09635,0,
C09636,0,
C09637,0,
C09638,0,
C09639,0,
C09640,0,
C09641,0,
C09642,0,
C09643,0,
C09644,0,
C09645,0,
C09646,0,
C09647,0,
C09648,1,2025-04-30
C09649,1,2022-11-01
C09650,0,
C09651,0,
C09652,0,
C09653,1,2023-02-18
C09654,0,
C09655,0,
C09656,0,
C09657,0,
C09658,1,2025-06-14
C09659,0,
C09660,0,
C09661,0,
C09662,0,
C09663,0,
C09664,0,
C09665,0,
C09666,0,
C09667,0,
C09668,0,
C09669,0,
C09670,0,
C09671,1,2025-11-28
C09672,0,
C09673,0,
C09674,0,
C09675,0,
C09676,0,
C09677,0,
C09678,0,
C09679,1,2024-05-18
C09680,0,
C09681,0,
C09682,1,2025-11-20
C09683,0,
C09684,1,2023-03-16
C09685,0,
C09686,0,
C09687,0,
C09688,0,
C09689,0,
C09690,1,2025-12-11
C09691,0,
C09692,0,
C09693,0,
C09694,0,
C09695,1,2025-11-14
C09696,0,
C09697,1,2025-04-18
C09698,1,2024-03-01
C09699,0,
C09700,0,
C09701,0,
C09702,0,
C09703,0,
C09704,0,
C09705,0,
C09706,0,
C09707,0,
C09708,0,
C09709,0,
C09710,1,2025-08-31
C09711,1,2025-10-07
C09712,1,2024-06-30
C09713,1,2025-01-02
C09714,0,
C09715,0,
C09716,0,
C09717,0,
C09718,0,
C09719,0,
C09720,0,
C09721,1,2025-12-11
C09722,0,
C09723,0,
C09724,0,
C09725,0,
C09726,0,
C09727,1,2025-06-23
C09728,0,
C09729,0,
C09730,0,
C09731,0,
C09732,0,
C09733,0,
C09734,0,
C09735,0,
C09736,1,2025-10-31
C09737,1,2023-05-28
C09738,0,
C09739,0,
C09740,0,
C09741,0,
C09742,0,
C09743,0,
C09744,0,
C09745,0,
C09746,0,
C09747,1,2025-03-06
C09748,0,
C09749,0,
C09750,1,2025-01-22
C09751,0,
C09752,0,
C09753,0,
C09754,0,
C09755,1,2025-12-18
C09756,0,
C09757,1,2024-10-01
C09758,0,
C09759,1,2025-07-30
C09760,0,
C09761,0,
C09762,0,
C09763,0,
C09764,0,
C09765,0,
C09766,1,2025-10-24
C09767,0,
C09768,0,
C09769,1,2025-10-12
C09770,0,
C09771,0,
C09772,0,
C09773,0,
C09774,0,
C09775,0,
C09776,0,
C09777,0,
C09778,0,
C09779,1,2025-11-10
C09780,1,2024-07-14
C09781,0,
C09782,0,
C09783,0,
C09784,0,
C09785,0,
C09786,0,
C09787,0,
C09788,0,
C09789,0,
C09790,0,
C09791,0,
C09792,1,2024-10-07
C09793,0,
C09794,0,
C09795,0,
C09796,0,
C09797,0,
C09798,0,
C09799,0,
C09800,0,
C09801,0,
C09802,0,
C09803,0,
C09804,0,
C09805,0,
C09806,0,
C09807,1,2025-06-01
C09808,0,
C09809,0,
C09810,0,
C09811,1,2023-06-11
C09812,0,
C09813,0,
C09814,0,
C09815,0,
C09816,1,2024-06-04
C09817,1,2023-08-17
C09818,1,2025-12-02
C09819,0,
C09820,0,
C09821,1,2024-04-08
C09822,0,
C09823,1,2025-12-24
C09824,0,
C09825,0,
C09826,0,
C09827,0,
C09828,0,
C09829,0,
C09830,0,
C09831,1,2025-10-23
C09832,0,
C09833,0,
C09834,1,2025-10-29
C09835,0,
C09836,0,
C09837,1,2025-10-07
C09838,1,2025-05-23
C09839,0,
C09840,0,
C09841,0,
C09842,0,
C09843,0,
C09844,0,
C09845,0,
C09846,1,2023-02-15
C09847,0,
C09848,0,
C09849,1,2024-10-15
C09850,0,
C09851,0,
C09852,0,
C09853,0,
C09854,0,
C09855,0,
C09856,0,
C09857,0,
C09858,0,
C09859,0,
C09860,0,
C09861,0,
C09862,0,
C09863,1,2025-06-05
C09864,0,
C09865,0,
C09866,0,
C09867,0,
C09868,0,
C09869,0,
C09870,1,2025-10-27
C09871,0,
C09872,0,
C09873,1,2023-04-28
C09874,0,
C09875,0,
C09876,0,
C09877,0,
C09878,0,
C09879,0,
C09880,0,
C09881,0,
C09882,0,
C09883,0,
C09884,0,
C09885,0,
C09886,0,
C09887,0,
C09888,0,
C09889,0,
C09890,0,
C09891,1,2025-09-06
C09892,0,
C09893,0,
C09894,0,
C09895,0,
C09896,0,
C09897,0,
C09898,1,2025-07-25
C09899,0,
C09900,0,
C09901,0,
C09902,1,2024-08-10
C09903,0,
C09904,0,
C09905,0,
C09906,0,
C09907,0,
C09908,0,
C09909,0,
C09910,0,
C09911,1,2025-05-02
C09912,0,
C09913,0,
C09914,0,
C09915,0,
C09916,0,
C09917,0,
C09918,0,
C09919,0,
C09920,0,
C09921,0,
C09922,0,
C09923,0,
C09924,0,
C09925,0,
C09926,1,2025-02-10
C09927,0,
C09928,0,
C09929,1,2025-10-23
C09930,0,
C09931,1,2025-01-10
C09932,0,
C09933,0,
C09934,0,
C09935,0,
C09936,0,
C09937,0,
C09938,0,
C09939,0,
C09940,0,
C09941,0,
C09942,0,
C09943,0,
C09944,0,
C09945,0,
C09946,1,2025-09-20
C09947,0,
C09948,0,
C09949,0,
C09950,0,
C09951,0,
C09952,1,2025-11-13
C09953,0,
C09954,0,
C09955,0,
C09956,0,
C09957,0,
C09958,0,
C09959,1,2024-10-05
C09960,0,
C09961,0,
C09962,0,
C09963,0,
C09964,1,2025-12-06
C09965,0,
C09966,0,
C09967,0,
C09968,0,
C09969,0,
C09970,0,
C09971,0,
C09972,0,
C09973,0,
C09974,0,
C09975,0,
C09976,1,2025-10-21
C09977,0,
C09978,0,
C09979,0,
C09980,0,
C09981,0,
C09982,0,
C09983,0,
C09984,0,
C09985,1,2024-10-24
C09986,0,
C09987,0,
C09988,0,
C09989,0,
C09990,0,
C09991,0,
C09992,0,
C09993,0,
C09994,1,2025-03-29
C09995,0,
C09996,1,2025-12-15
C09997,0,
C09998,0,
C09999,0,
C10000,0,
C10001,1,2025-11-01
C10002,0,
C10003,0,
C10004,0,
C10005,0,
C10006,0,
C10007,0,
C10008,0,
C10009,0,
C10010,1,2024-08-22
C10011,0,
C10012,0,
C10013,0,
C10014,1,2025-12-01
C10015,0,
C10016,0,
C10017,0,
C10018,0,
C10019,0,
C10020,0,
C10021,0,
C10022,1,2024-06-22
C10023,0,
C10024,0,
C10025,0,
C10026,0,
C10027,0,
C10028,0,
C10029,1,2024-06-16
C10030,1,2024-09-24
C10031,0,
C10032,1,2025-04-08
C10033,0,
C10034,0,
C10035,0,
C10036,0,
C10037,1,2025-10-16
C10038,0,
C10039,0,
C10040,0,
C10041,0,
C10042,0,
C10043,0,
C10044,0,
C10045,0,
C10046,0,
C10047,0,
C10048,0,
C10049,0,
C10050,1,2024-05-27
C10051,0,
C10052,0,
C10053,0,
C10054,0,
C10055,0,
C10056,1,2024-06-21
C10057,0,
C10058,0,
C10059,0,
C10060,1,2025-12-25
C10061,0,
C10062,0,
C10063,0,
C10064,0,
C10065,0,
C10066,0,
C10067,0,
C10068,0,
C10069,0,
C10070,0,
C10071,0,
C10072,0,
C10073,1,2025-07-20
C10074,0,
C10075,0,
C10076,0,
C10077,0,
C10078,0,
C10079,0,
C10080,0,
C10081,0,
C10082,1,2023-10-16
C10083,1,2025-10-11
C10084,0,
C10085,0,
C10086,0,
C10087,0,
C10088,0,
C10089,0,
C10090,0,
C10091,1,2025-06-11
C10092,0,
C10093,0,
C10094,1,2024-06-20
C10095,0,
C10096,0,
C10097,1,2025-05-30
C10098,1,2025-08-02
C10099,0,
C10100,0,
C10101,0,
C10102,0,
C10103,0,
C10104,0,
C10105,0,
C10106,0,
C10107,0,
C10108,0,
C10109,0,
C10110,0,
C10111,0,
C10112,0,
C10113,0,
C10114,0,
C10115,0,
C10116,0,
C10117,0,
C10118,0,
C10119,0,
C10120,0,
C10121,0,
C10122,1,2025-12-29
C10123,0,
C10124,0,
C10125,1,2025-09-16
C10126,0,
C10127,1,2025-10-04
C10128,0,
C10129,0,
C10130,0,
C10131,0,
C10132,0,
C10133,1,2025-12-30
C10134,0,
C10135,0,
C10136,0,
C10137,0,
C10138,0,
C10139,0,
C10140,0,
C10141,0,
C10142,0,
C10143,0,
C10144,0,
C10145,0,
C10146,0,
C10147,0,
C10148,0,
C10149,0,
C10150,0,
C10151,0,
C10152,0,
C10153,0,
C10154,0,
C10155,0,
C10156,0,
C10157,0,
C10158,0,
C10159,0,
C10160,0,
C10161,0,
C10162,0,
C10163,0,
C10164,0,
C10165,0,
C10166,0,
C10167,0,
C10168,0,
C10169,0,
C10170,0,
C10171,0,
C10172,0,
C10173,0,
C10174,0,
C10175,1,2025-12-13
C10176,0,
C10177,0,
C10178,0,
C10179,0,
C10180,0,
C10181,0,
C10182,0,
C10183,0,
C10184,0,
C10185,1,2025-09-12
C10186,0,
C10187,0,
C10188,0,
C10189,0,
C10190,0,
C10191,0,
C10192,0,
C10193,0,
C10194,0,
C10195,0,
C10196,1,2024-06-19
C10197,1,2025-09-08
C10198,0,
C10199,0,
C10200,1,2025-06-14
C10201,1,2025-12-31
C10202,0,
C10203,0,
C10204,1,2023-03-29
C10205,0,
C10206,0,
C10207,0,
C10208,0,
C10209,1,2022-11-27
C10210,0,
C10211,0,
C10212,0,
C10213,0,
C10214,1,2024-10-11
C10215,0,
C10216,0,
C10217,0,
C10218,1,2024-01-24
C10219,0,
C10220,0,
C10221,1,2024-11-04
C10222,1,2025-11-28
C10223,0,
C10224,0,
C10225,0,
C10226,0,
C10227,0,
C10228,0,
C10229,1,2025-05-04
C10230,0,
C10231,0,
C10232,0,
C10233,0,
C10234,0,
C10235,0,
C10236,0,
C10237,0,
C10238,0,
C10239,0,
C10240,0,
C10241,0,
C10242,0,
C10243,0,
C10244,0,
C10245,0,
C10246,1,2024-01-03
C10247,0,
C10248,0,
C10249,1,2025-03-13
C10250,1,2025-06-03
C10251,0,
C10252,0,
C10253,0,
C10254,0,
C10255,0,
C10256,0,
C10257,1,2024-12-04
C10258,0,
C10259,0,
C10260,1,2025-09-25
C10261,0,
C10262,0,
C10263,0,
C10264,0,
C10265,0,
C10266,1,2024-02-28
C10267,0,
C10268,0,
C10269,0,
C10270,0,
C10271,0,
C10272,1,2025-09-19
C10273,0,
C10274,0,
C10275,0,
C10276,1,2023-06-14
C10277,0,
C10278,1,2025-12-04
C10279,1,2025-12-13
C10280,0,
C10281,1,2025-08-10
C10282,0,
C10283,0,
C10284,0,
C10285,1,2025-10-07
C10286,0,
C10287,0,
C10288,1,2024-12-18
C10289,0,
C10290,1,2025-08-17
C10291,1,2023-01-21
C10292,1,2024-05-30
C10293,1,2025-01-11
C10294,0,
C10295,0,
C10296,0,
C10297,0,
C10298,0,
C10299,1,2025-10-12
C10300,0,
C10301,0,
C10302,0,
C10303,0,
C10304,0,
C10305,0,
C10306,0,
C10307,0,
C10308,0,
C10309,0,
C10310,0,
C10311,0,
C10312,0,
C10313,0,
C10314,0,
C10315,0,
C10316,0,
C10317,0,
C10318,0,
C10319,0,
C10320,0,
C10321,1,2025-10-31
C10322,0,
C10323,1,2023-02-15
C10324,0,
C10325,0,
C10326,0,
C10327,1,2024-01-16
C10328,0,
C10329,1,2025-06-06
C10330,1,2025-10-05
C10331,1,2025-08-01
C10332,0,
C10333,0,
C10334,0,
C10335,0,
C10336,0,
C10337,0,
C10338,0,
C10339,0,
C10340,0,
C10341,1,2022-08-12
C10342,0,
C10343,1,2025-06-03
C10344,0,
C10345,0,
C10346,0,
C10347,0,
C10348,0,
C10349,0,
C10350,0,
C10351,0,
C10352,0,
C10353,0,
C10354,0,
C10355,0,
C10356,0,
C10357,0,
C10358,0,
C10359,0,
C10360,0,
C10361,0,
C10362,0,
C10363,0,
C10364,0,
C10365,0,
C10366,0,
C10367,0,
C10368,1,2024-10-13
C10369,0,
C10370,0,
C10371,1,2023-11-02
C10372,1,2025-12-31
C10373,1,2024-05-22
C10374,1,2025-08-29
C10375,0,
C10376,1,2022-11-17
C10377,0,
C10378,1,2025-12-09
C10379,0,
C10380,0,
C10381,0,
C10382,1,2025-01-23
C10383,0,
C10384,0,
C10385,0,
C10386,0,
C10387,0,
C10388,0,
C10389,0,
C10390,0,
C10391,0,
C10392,0,
C10393,1,2025-03-08
C10394,0,
C10395,0,
C10396,0,
C10397,0,
C10398,0,
C10399,0,
C10400,0,
C10401,0,
C10402,1,2025-08-04
C10403,1,2025-09-26
C10404,0,
C10405,0,
C10406,1,2022-06-15
C10407,0,
C10408,1,2024-02-24
C10409,1,2023-06-10
C10410,0,
C10411,0,
C10412,1,2024-01-08
C10413,0,
C10414,0,
C10415,0,
C10416,0,
C10417,0,
C10418,1,2025-08-22
C10419,0,
C10420,1,2025-04-07
C10421,0,
C10422,0,
C10423,0,
C10424,1,2025-03-11
C10425,0,
C10426,0,
C10427,0,
C10428,0,
C10429,0,
C10430,1,2025-12-17
C10431,0,
C10432,0,
C10433,0,
C10434,0,
C10435,1,2025-11-01
C10436,0,
C10437,0,
C10438,0,
C10439,0,
C10440,0,
C10441,1,2025-11-17
C10442,1,2024-04-20
C10443,0,
C10444,0,
C10445,0,
C10446,0,
C10447,1,2025-03-08
C10448,0,
C10449,0,
C10450,1,2025-08-15
C10451,1,2025-09-27
C10452,0,
C10453,0,
C10454,0,
C10455,0,
C10456,1,2024-08-16
C10457,0,
C10458,0,
C10459,0,
C10460,0,
C10461,0,
C10462,0,
C10463,0,
C10464,0,
C10465,0,
C10466,0,
C10467,0,
C10468,0,
C10469,1,2025-11-01
C10470,0,
C10471,0,
C10472,0,
C10473,0,
C10474,0,
C10475,0,
C10476,0,
C10477,0,
C10478,1,2023-01-27
C10479,0,
C10480,0,
C10481,0,
C10482,0,
C10483,0,
C10484,0,
C10485,1,2023-08-19
C10486,0,
C10487,0,
C10488,0,
C10489,0,
C10490,0,
C10491,0,
C10492,0,
C10493,1,2022-07-04
C10494,0,
C10495,0,
C10496,0,
C10497,0,
C10498,1,2023-10-16
C10499,0,
C10500,1,2024-03-05
C10501,1,2025-12-25
C10502,0,
C10503,0,
C10504,0,
C10505,0,
C10506,0,
C10507,1,2025-08-22
C10508,0,
C10509,0,
C10510,0,
C10511,1,2024-11-16
C10512,0,
C10513,0,
C10514,0,
C10515,0,
C10516,0,
C10517,0,
C10518,0,
C10519,0,
C10520,0,
C10521,0,
C10522,0,
C10523,0,
C10524,0,
C10525,0,
C10526,1,2025-10-29
C10527,1,2025-02-02
C10528,0,
C10529,0,
C10530,0,
C10531,1,2023-08-02
C10532,0,
C10533,0,
C10534,0,
C10535,0,
C10536,0,
C10537,1,2025-05-23
C10538,0,
C10539,1,2024-03-28
C10540,0,
C10541,1,2024-01-08
C10542,0,
C10543,0,
C10544,0,
C10545,1,2025-02-21
C10546,0,
C10547,0,
C10548,0,
C10549,0,
C10550,0,
C10551,0,
C10552,0,
C10553,0,
C10554,0,
C10555,0,
C10556,0,
C10557,0,
C10558,0,
C10559,0,
C10560,1,2025-06-08
C10561,0,
C10562,1,2024-06-27
C10563,0,
C10564,0,
C10565,0,
C10566,0,
C10567,0,
C10568,0,
C10569,0,
C10570,1,2023-03-07
C10571,0,
C10572,1,2022-07-01
C10573,0,
C10574,0,
C10575,0,
C10576,0,
C10577,0,
C10578,0,
C10579,0,
C10580,1,2024-07-17
C10581,0,
C10582,1,2025-12-14
C10583,0,
C10584,0,
C10585,0,
C10586,0,
C10587,0,
C10588,0,
C10589,0,
C10590,0,
C10591,0,
C10592,1,2025-02-25
C10593,0,
C10594,1,2023-04-11
C10595,0,
C10596,0,
C10597,0,
C10598,0,
C10599,0,
C10600,0,
C10601,0,
C10602,0,
C10603,1,2024-09-09
C10604,1,2025-12-12
C10605,0,
C10606,0,
C10607,0,
C10608,1,2024-10-19
C10609,0,
C10610,0,
C10611,0,
C10612,1,2024-07-15
C10613,0,
C10614,0,
C10615,1,2025-09-07
C10616,0,
C10617,0,
C10618,0,
C10619,1,2025-10-13
C10620,1,2025-11-26
C10621,0,
C10622,0,
C10623,0,
C10624,1,2025-06-20
C10625,0,
C10626,0,
C10627,0,
C10628,0,
C10629,0,
C10630,0,
C10631,0,
C10632,0,
C10633,0,
C10634,0,
C10635,1,2025-08-05
C10636,0,
C10637,0,
C10638,0,
C10639,0,
C10640,0,
C10641,0,
C10642,0,
C10643,1,2025-11-28
C10644,0,
C10645,0,
C10646,1,2025-12-30
C10647,1,2024-05-31
C10648,0,
C10649,0,
C10650,0,
C10651,0,
C10652,0,
C10653,1,2023-12-31
C10654,0,
C10655,0,
C10656,0,
C10657,0,
C10658,0,
C10659,0,
C10660,0,
C10661,0,
C10662,0,
C10663,1,2025-01-26
C10664,1,2024-02-18
C10665,0,
C10666,0,
C10667,0,
C10668,0,
C10669,0,
C10670,0,
C10671,0,
C10672,0,
C10673,0,
C10674,0,
C10675,0,
C10676,0,
C10677,0,
C10678,1,2024-06-23
C10679,0,
C10680,0,
C10681,0,
C10682,0,
C10683,0,
C10684,0,
C10685,0,
C10686,0,
C10687,0,
C10688,0,
C10689,0,
C10690,0,
C10691,0,
C10692,0,
C10693,0,
C10694,0,
C10695,0,
C10696,0,
C10697,0,
C10698,0,
C10699,1,2023-06-22
C10700,0,
C10701,0,
C10702,0,
C10703,0,
C10704,0,
C10705,0,
C10706,0,
C10707,1,2025-10-27
C10708,0,
C10709,0,
C10710,0,
C10711,0,
C10712,0,
C10713,0,
C10714,0,
C10715,0,
C10716,1,2023-06-16
C10717,0,
C10718,1,2024-07-03
C10719,0,
C10720,0,
C10721,0,
C10722,0,
C10723,0,
C10724,1,2023-12-06
C10725,0,
C10726,1,2024-10-25
C10727,0,
C10728,0,
C10729,1,2024-10-15
C10730,0,
C10731,0,
C10732,1,2023-05-21
C10733,0,
C10734,0,
C10735,0,
C10736,0,
C10737,0,
C10738,0,
C10739,0,
C10740,0,
C10741,1,2024-05-21
C10742,1,2025-10-17
C10743,0,
C10744,1,2023-02-23
C10745,0,
C10746,0,
C10747,1,2025-11-16
C10748,1,2024-03-11
C10749,0,
C10750,0,
C10751,0,
C10752,0,
C10753,0,
C10754,0,
C10755,0,
C10756,0,
C10757,0,
C10758,1,2025-04-13
C10759,0,
C10760,0,
C10761,0,
C10762,0,
C10763,0,
C10764,0,
C10765,0,
C10766,0,
C10767,0,
C10768,0,
C10769,1,2025-06-06
C10770,1,2022-02-25
C10771,1,2025-09-05
C10772,1,2024-10-07
C10773,0,
C10774,0,
C10775,0,
C10776,1,2025-09-23
C10777,0,
C10778,0,
C10779,0,
C10780,0,
C10781,0,
C10782,1,2025-07-23
C10783,0,
C10784,0,
C10785,0,
C10786,0,
C10787,0,
C10788,0,
C10789,0,
C10790,0,
C10791,0,
C10792,0,
C10793,0,
C10794,0,
C10795,0,
C10796,0,
C10797,0,
C10798,0,
C10799,0,
C10800,0,
C10801,0,
C10802,0,
C10803,0,
C10804,0,
C10805,0,
C10806,1,2025-12-10
C10807,0,
C10808,0,
C10809,0,
C10810,0,
C10811,0,
C10812,0,
C10813,0,
C10814,0,
C10815,0,
C10816,0,
C10817,0,
C10818,1,2025-04-28
C10819,0,
C10820,0,
C10821,0,
C10822,1,2025-12-26
C10823,0,
C10824,1,2025-11-30
C10825,0,
C10826,0,
C10827,0,
C10828,1,2025-06-02
C10829,0,
C10830,0,
C10831,0,
C10832,0,
C10833,1,2025-04-28
C10834,0,
C10835,0,
C10836,0,
C10837,0,
C10838,0,
C10839,1,2025-10-25
C10840,0,
C10841,0,
C10842,0,
C10843,0,
C10844,0,
C10845,0,
C10846,0,
C10847,0,
C10848,0,
C10849,0,
C10850,0,
C10851,0,
C10852,1,2025-10-09
C10853,0,
C10854,0,
C10855,0,
C10856,0,
C10857,0,
C10858,0,
C10859,0,
C10860,0,
C10861,0,
C10862,0,
C10863,0,
C10864,0,
C10865,0,
C10866,0,
C10867,0,
C10868,0,
C10869,1,2025-12-26
C10870,0,
C10871,0,
C10872,0,
C10873,0,
C10874,1,2025-12-29
C10875,0,
C10876,0,
C10877,0,
C10878,0,
C10879,1,2024-06-12
C10880,0,
C10881,0,
C10882,0,
C10883,0,
C10884,1,2025-10-07
C10885,0,
C10886,1,2025-08-05
C10887,0,
C10888,0,
C10889,0,
C10890,0,
C10891,0,
C10892,0,
C10893,1,2025-12-21
C10894,0,
C10895,1,2025-11-29
C10896,0,
C10897,0,
C10898,0,
C10899,0,
C10900,0,
C10901,1,2025-07-05
C10902,0,
C10903,1,2025-12-26
C10904,0,
C10905,0,
C10906,0,
C10907,0,
C10908,0,
C10909,1,2025-09-06
C10910,0,
C10911,0,
C10912,1,2024-06-27
C10913,1,2025-11-09
C10914,0,
C10915,1,2024-12-17
C10916,0,
C10917,0,
C10918,0,
C10919,1,2024-03-06
C10920,0,
C10921,0,
C10922,0,
C10923,0,
C10924,1,2023-11-19
C10925,0,
C10926,0,
C10927,1,2025-07-18
C10928,0,
C10929,0,
C10930,0,
C10931,0,
C10932,0,
C10933,1,2025-07-15
C10934,0,
C10935,0,
C10936,0,
C10937,1,2023-08-19
C10938,0,
C10939,0,
C10940,0,
C10941,1,2025-11-28
C10942,0,
C10943,0,
C10944,0,
C10945,1,2025-03-02
C10946,0,
C10947,0,
C10948,0,
C10949,0,
C10950,0,
C10951,0,
C10952,0,
C10953,0,
C10954,0,
C10955,0,
C10956,0,
C10957,0,
C10958,0,
C10959,0,
C10960,1,2024-08-27
C10961,0,
C10962,0,
C10963,0,
C10964,1,2023-10-17
C10965,0,
C10966,0,
C10967,0,
C10968,0,
C10969,1,2025-11-05
C10970,0,
C10971,0,
C10972,1,2025-02-01
C10973,0,
C10974,0,
C10975,0,
C10976,0,
C10977,0,
C10978,0,
C10979,0,
C10980,0,
C10981,0,
C10982,1,2025-08-07
C10983,0,
C10984,0,
C10985,1,2025-11-19
C10986,0,
C10987,0,
C10988,0,
C10989,0,
C10990,1,2025-11-24
C10991,0,
C10992,0,
C10993,0,
C10994,0,
C10995,0,
C10996,0,
C10997,0,
C10998,1,2025-06-11
C10999,1,2025-11-10
C11000,0,
C11001,0,
C11002,0,
C11003,1,2024-08-11
C11004,0,
C11005,0,
C11006,0,
C11007,0,
C11008,0,
C11009,0,
C11010,0,
C11011,1,2025-03-20
C11012,0,
C11013,0,
C11014,0,
C11015,1,2025-02-06
C11016,0,
C11017,0,
C11018,1,2023-12-24
C11019,0,
C11020,0,
C11021,0,
C11022,0,
C11023,0,
C11024,0,
C11025,0,
C11026,0,
C11027,0,
C11028,0,
C11029,0,
C11030,0,
C11031,0,
C11032,1,2025-08-03
C11033,0,
C11034,0,
C11035,1,2022-06-24
C11036,0,
C11037,0,
C11038,1,2023-11-05
C11039,0,
C11040,0,
C11041,0,
C11042,0,
C11043,0,
C11044,0,
C11045,1,2023-10-02
C11046,0,
C11047,0,
C11048,0,
C11049,0,
C11050,0,
C11051,0,
C11052,0,
C11053,0,
C11054,0,
C11055,0,
C11056,0,
C11057,0,
C11058,1,2024-10-01
C11059,0,
C11060,1,2025-05-28
C11061,1,2025-07-09
C11062,0,
C11063,1,2025-07-31
C11064,1,2024-12-26
C11065,0,
C11066,0,
C11067,0,
C11068,1,2025-04-24
C11069,0,
C11070,0,
C11071,0,
C11072,0,
C11073,0,
C11074,1,2024-05-13
C11075,0,
C11076,0,
C11077,0,
C11078,1,2024-06-16
C11079,0,
C11080,0,
C11081,1,2025-09-29
C11082,0,
C11083,1,2025-02-23
C11084,0,
C11085,0,
C11086,0,
C11087,1,2025-01-30
C11088,1,2025-12-15
C11089,1,2024-03-29
C11090,1,2025-12-18
C11091,0,
C11092,1,2025-07-12
C11093,0,
C11094,0,
C11095,0,
C11096,0,
C11097,0,
C11098,0,
C11099,0,
C11100,1,2025-07-01
C11101,0,
C11102,0,
C11103,0,
C11104,1,2025-11-16
C11105,0,
C11106,0,
C11107,0,
C11108,0,
C11109,0,
C11110,0,
C11111,0,
C11112,0,
C11113,0,
C11114,0,
C11115,0,
C11116,0,
C11117,0,
C11118,0,
C11119,0,
C11120,0,
C11121,0,
C11122,0,
C11123,0,
C11124,0,
C11125,0,
C11126,0,
C11127,1,2025-06-22
C11128,0,
C11129,0,
C11130,0,
C11131,0,
C11132,0,
C11133,0,
C11134,0,
C11135,0,
C11136,1,2024-07-02
C11137,1,2023-09-09
C11138,0,
C11139,0,
C11140,0,
C11141,0,
C11142,0,
C11143,0,
C11144,0,
C11145,0,
C11146,0,
C11147,0,
C11148,1,2025-05-25
C11149,0,
C11150,0,
C11151,1,2024-09-20
C11152,0,
C11153,0,
C11154,1,2025-12-17
C11155,0,
C11156,0,
C11157,0,
C11158,0,
C11159,1,2025-01-20
C11160,0,
C11161,0,
C11162,0,
C11163,0,
C11164,0,
C11165,0,
C11166,0,
C11167,1,2023-02-08
C11168,0,
C11169,0,
C11170,0,
C11171,0,
C11172,0,
C11173,1,2024-08-08
C11174,0,
C11175,1,2025-12-03
C11176,1,2025-04-06
C11177,0,
C11178,0,
C11179,0,
C11180,1,2025-06-07
C11181,1,2025-09-18
C11182,0,
C11183,0,
C11184,0,
C11185,1,2024-03-15
C11186,0,
C11187,1,2025-04-27
C11188,0,
C11189,1,2025-10-03
C11190,1,2023-10-02
C11191,1,2024-07-19
C11192,0,
C11193,1,2025-11-25
C11194,0,
C11195,0,
C11196,1,2025-12-13
C11197,1,2025-10-10
C11198,0,
C11199,0,
C11200,0,
C11201,0,
C11202,1,2025-01-27
C11203,1,2025-09-15
C11204,0,
C11205,0,
C11206,0,
C11207,0,
C11208,0,
C11209,0,
C11210,0,
C11211,1,2025-03-06
C11212,0,
C11213,1,2025-01-22
C11214,0,
C11215,0,
C11216,0,
C11217,0,
C11218,0,
C11219,0,
C11220,0,
C11221,0,
C11222,0,
C11223,0,
C11224,0,
C11225,0,
C11226,0,
C11227,0,
C11228,0,
C11229,0,
C11230,0,
C11231,0,
C11232,0,
C11233,0,
C11234,0,
C11235,0,
C11236,0,
C11237,0,
C11238,0,
C11239,1,2025-12-11
C11240,1,2025-04-21
C11241,0,
C11242,0,
C11243,0,
C11244,0,
C11245,0,
C11246,0,
C11247,0,
C11248,0,
C11249,0,
C11250,0,
C11251,0,
C11252,0,
C11253,0,
C11254,0,
C11255,0,
C11256,1,2023-07-03
C11257,0,
C11258,0,
C11259,0,
C11260,0,
C11261,0,
C11262,0,
C11263,0,
C11264,0,
C11265,0,
C11266,0,
C11267,0,
C11268,1,2025-03-03
C11269,1,2025-10-13
C11270,1,2023-08-04
C11271,0,
C11272,0,
C11273,0,
C11274,1,2025-10-28
C11275,0,
C11276,0,
C11277,0,
C11278,0,
C11279,1,2022-04-17
C11280,0,
C11281,0,
C11282,0,
C11283,0,
C11284,1,2023-11-09
C11285,1,2024-02-22
C11286,0,
C11287,0,
C11288,0,
C11289,1,2024-11-03
C11290,1,2024-10-17
C11291,0,
C11292,1,2024-09-11
C11293,0,
C11294,1,2025-03-26
C11295,1,2025-12-10
C11296,0,
C11297,0,
C11298,0,
C11299,0,
C11300,0,
C11301,0,
C11302,0,
C11303,0,
C11304,0,
C11305,0,
C11306,0,
C11307,1,2024-07-01
C11308,0,
C11309,0,
C11310,0,
C11311,0,
C11312,0,
C11313,1,2025-10-27
C11314,1,2025-12-02
C11315,1,2023-12-14
C11316,0,
C11317,0,
C11318,0,
C11319,0,
C11320,0,
C11321,0,
C11322,0,
C11323,1,2023-04-28
C11324,0,
C11325,0,
C11326,0,
C11327,0,
C11328,0,
C11329,0,
C11330,0,
C11331,0,
C11332,0,
C11333,1,2025-12-23
C11334,0,
C11335,0,
C11336,1,2024-06-08
C11337,0,
C11338,0,
C11339,0,
C11340,1,2025-12-03
C11341,0,
C11342,0,
C11343,0,
C11344,0,
C11345,0,
C11346,1,2025-12-07
C11347,0,
C11348,0,
C11349,0,
C11350,0,
C11351,0,
C11352,0,
C11353,0,
C11354,0,
C11355,0,
C11356,1,2025-07-10
C11357,0,
C11358,0,
C11359,0,
C11360,1,2025-12-17
C11361,0,
C11362,0,
C11363,0,
C11364,0,
C11365,0,
C11366,0,
C11367,1,2025-08-15
C11368,0,
C11369,0,
C11370,0,
C11371,0,
C11372,0,
C11373,1,2025-08-18
C11374,0,
C11375,0,
C11376,1,2024-09-25
C11377,0,
C11378,0,
C11379,0,
C11380,0,
C11381,1,2025-12-16
C11382,1,2025-01-01
C11383,0,
C11384,0,
C11385,0,
C11386,0,
C11387,0,
C11388,0,
C11389,0,
C11390,0,
C11391,0,
C11392,0,
C11393,0,
C11394,0,
C11395,1,2025-03-07
C11396,0,
C11397,0,
C11398,1,2025-01-06
C11399,0,
C11400,0,
C11401,0,
C11402,0,
C11403,0,
C11404,0,
C11405,0,
C11406,1,2024-03-18
C11407,0,
C11408,1,2025-12-17
C11409,0,
C11410,0,
C11411,0,
C11412,1,2025-05-06
C11413,0,
C11414,0,
C11415,1,2024-07-08
C11416,0,
C11417,1,2025-03-18
C11418,0,
C11419,0,
C11420,1,2025-12-03
C11421,0,
C11422,0,
C11423,0,
C11424,1,2024-11-26
C11425,0,
C11426,1,2024-03-22
C11427,0,
C11428,0,
C11429,1,2025-02-04
C11430,0,
C11431,1,2025-12-12
C11432,0,
C11433,0,
C11434,0,
C11435,0,
C11436,1,2025-09-06
C11437,1,2023-05-08
C11438,1,2024-12-20
C11439,0,
C11440,1,2024-10-23
C11441,1,2022-10-18
C11442,0,
C11443,1,2023-10-15
C11444,0,
C11445,0,
C11446,0,
C11447,0,
C11448,0,
C11449,0,
C11450,0,
C11451,0,
C11452,0,
C11453,0,
C11454,0,
C11455,0,
C11456,0,
C11457,0,
C11458,0,
C11459,1,2025-12-22
C11460,1,2024-10-18
C11461,1,2025-12-31
C11462,0,
C11463,0,
C11464,1,2024-12-03
C11465,0,
C11466,0,
C11467,0,
C11468,0,
C11469,0,
C11470,1,2024-07-25
C11471,0,
C11472,0,
C11473,0,
C11474,1,2025-09-24
C11475,0,
C11476,0,
C11477,0,
C11478,0,
C11479,1,2025-04-25
C11480,1,2025-10-22
C11481,0,
C11482,0,
C11483,0,
C11484,0,
C11485,0,
C11486,0,
C11487,1,2024-12-24
C11488,0,
C11489,0,
C11490,1,2025-06-02
C11491,1,2025-10-23
C11492,0,
C11493,0,
C11494,0,
C11495,0,
C11496,0,
C11497,0,
C11498,0,
C11499,0,
C11500,0,
C11501,0,
C11502,1,2025-05-04
C11503,1,2024-01-10
C11504,1,2025-10-01
C11505,0,
C11506,0,
C11507,1,2025-11-10
C11508,0,
C11509,0,
C11510,0,
C11511,0,
C11512,0,
C11513,0,
C11514,0,
C11515,1,2025-10-24
C11516,0,
C11517,0,
C11518,0,
C11519,0,
C11520,0,
C11521,1,2025-05-01
C11522,0,
C11523,0,
C11524,1,2025-11-28
C11525,0,
C11526,1,2025-12-13
C11527,1,2025-02-10
C11528,0,
C11529,0,
C11530,0,
C11531,1,2025-04-04
C11532,0,
C11533,1,2025-12-02
C11534,0,
C11535,0,
C11536,0,
C11537,0,
C11538,0,
C11539,0,
C11540,0,
C11541,0,
C11542,0,
C11543,0,
C11544,0,
C11545,0,
C11546,0,
C11547,0,
C11548,0,
C11549,0,
C11550,0,
C11551,0,
C11552,0,
C11553,0,
C11554,0,
C11555,0,
C11556,0,
C11557,0,
C11558,0,
C11559,1,2025-04-02
C11560,0,
C11561,0,
C11562,1,2024-01-21
C11563,0,
C11564,1,2022-10-21
C11565,0,
C11566,0,
C11567,0,
C11568,1,2025-06-27
C11569,0,
C11570,0,
C11571,0,
C11572,0,
C11573,0,
C11574,1,2025-07-05
C11575,0,
C11576,0,
C11577,1,2025-11-28
C11578,1,2024-10-18
C11579,0,
C11580,0,
C11581,0,
C11582,0,
C11583,0,
C11584,0,
C11585,1,2025-11-19
C11586,0,
C11587,0,
C11588,0,
C11589,0,
C11590,1,2025-12-24
C11591,0,
C11592,1,2024-08-27
C11593,0,
C11594,0,
C11595,0,
C11596,0,
C11597,0,
C11598,1,2025-12-26
C11599,0,
C11600,0,
C11601,0,
C11602,0,
C11603,0,
C11604,0,
C11605,0,
C11606,0,
C11607,0,
C11608,0,
C11609,0,
C11610,0,
C11611,0,
C11612,0,
C11613,0,
C11614,0,
C11615,0,
C11616,1,2022-06-15
C11617,0,
C11618,0,
C11619,0,
C11620,0,
C11621,0,
C11622,0,
C11623,0,
C11624,0,
C11625,0,
C11626,1,2024-03-24
C11627,0,
C11628,1,2025-08-16
C11629,1,2024-11-10
C11630,0,
C11631,0,
C11632,0,
C11633,0,
C11634,0,
C11635,0,
C11636,0,
C11637,1,2024-04-24
C11638,1,2024-08-02
C11639,0,
C11640,0,
C11641,0,
C11642,0,
C11643,0,
C11644,0,
C11645,1,2025-04-23
C11646,1,2024-08-22
C11647,1,2025-10-31
C11648,0,
C11649,1,2025-11-27
C11650,0,
C11651,0,
C11652,0,
C11653,0,
C11654,0,
C11655,1,2025-11-08
C11656,1,2024-08-15
C11657,0,
C11658,0,
C11659,0,
C11660,0,
C11661,0,
C11662,1,2025-12-27
C11663,0,
C11664,0,
C11665,0,
C11666,0,
C11667,1,2025-09-01
C11668,0,
C11669,0,
C11670,0,
C11671,1,2024-05-06
C11672,0,
C11673,0,
C11674,1,2022-11-20
C11675,1,2024-12-17
C11676,0,
C11677,1,2025-01-21
C11678,0,
C11679,1,2024-08-14
C11680,1,2025-04-02
C11681,0,
C11682,0,
C11683,0,
C11684,1,2024-04-14
C11685,0,
C11686,0,
C11687,0,
C11688,0,
C11689,0,
C11690,0,
C11691,0,
C11692,1,2022-12-29
C11693,0,
C11694,0,
C11695,0,
C11696,0,
C11697,0,
C11698,0,
C11699,0,
C11700,0,
C11701,0,
C11702,1,2024-01-08
C11703,0,
C11704,0,
C11705,1,2025-07-11
C11706,0,
C11707,0,
C11708,0,
C11709,0,
C11710,0,
C11711,0,
C11712,0,
C11713,0,
C11714,1,2022-08-22
C11715,0,
C11716,0,
C11717,0,
C11718,0,
C11719,0,
C11720,0,
C11721,1,2025-12-27
C11722,0,
C11723,1,2025-07-21
C11724,0,
C11725,0,
C11726,0,
C11727,0,
C11728,0,
C11729,0,
C11730,0,
C11731,0,
C11732,0,
C11733,0,
C11734,0,
C11735,0,
C11736,0,
C11737,1,2025-12-15
C11738,0,
C11739,0,
C11740,1,2025-11-17
C11741,0,
C11742,0,
C11743,1,2024-10-04
C11744,0,
C11745,0,
C11746,0,
C11747,0,
C11748,1,2025-12-31
C11749,1,2023-05-17
C11750,0,
C11751,0,
C11752,0,
C11753,0,
C11754,0,
C11755,0,
C11756,0,
C11757,0,
C11758,1,2023-11-29
C11759,0,
C11760,0,
C11761,0,
C11762,0,
C11763,0,
C11764,0,
C11765,0,
C11766,0,
C11767,0,
C11768,0,
C11769,1,2025-04-23
C11770,0,
C11771,0,
C11772,0,
C11773,0,
C11774,0,
C11775,0,
C11776,0,
C11777,0,
C11778,0,
C11779,0,
C11780,0,
C11781,0,
C11782,1,2023-11-12
C11783,0,
C11784,1,2025-11-15
C11785,0,
C11786,0,
C11787,0,
C11788,1,2024-05-12
C11789,1,2024-04-06
C11790,0,
C11791,0,
C11792,0,
C11793,0,
C11794,0,
C11795,0,
C11796,0,
C11797,0,
C11798,0,
C11799,0,
C11800,1,2025-10-21
C11801,0,
C11802,0,
C11803,1,2025-09-11
C11804,0,
C11805,1,2023-07-19
C11806,0,
C11807,0,
C11808,1,2025-10-25
C11809,0,
C11810,0,
C11811,0,
C11812,0,
C11813,1,2023-11-07
C11814,0,
C11815,0,
C11816,1,2023-11-19
C11817,0,
C11818,1,2024-05-07
C11819,0,
C11820,0,
C11821,0,
C11822,0,
C11823,0,
C11824,0,
C11825,0,
C11826,0,
C11827,0,
C11828,0,
C11829,0,
C11830,0,
C11831,1,2025-10-08
C11832,0,
C11833,0,
C11834,0,
C11835,0,
C11836,1,2024-10-13
C11837,0,
C11838,0,
C11839,0,
C11840,0,
C11841,1,2025-12-24
C11842,0,
C11843,0,
C11844,0,
C11845,0,
C11846,0,
C11847,1,2024-02-11
C11848,1,2024-06-19
C11849,0,
C11850,0,
C11851,0,
C11852,0,
C11853,0,
C11854,0,
C11855,0,
C11856,0,
C11857,0,
C11858,0,
C11859,1,2025-01-19
C11860,0,
C11861,0,
C11862,0,
C11863,0,
C11864,1,2024-03-02
C11865,1,2023-05-22
C11866,0,
C11867,0,
C11868,0,
C11869,0,
C11870,0,
C11871,0,
C11872,1,2024-02-21
C11873,0,
C11874,0,
C11875,0,
C11876,0,
C11877,0,
C11878,1,2024-03-24
C11879,0,
C11880,0,
C11881,0,
C11882,1,2024-11-03
C11883,0,
C11884,0,
C11885,0,
C11886,0,
C11887,1,2024-11-29
C11888,1,2024-09-12
C11889,0,
C11890,0,
C11891,0,
C11892,0,
C11893,0,
C11894,1,2024-12-24
C11895,0,
C11896,0,
C11897,0,
C11898,0,
C11899,1,2023-10-27
C11900,0,
C11901,1,2024-09-25
C11902,1,2025-12-04
C11903,0,
C11904,0,
C11905,0,
C11906,0,
C11907,0,
C11908,1,2025-10-04
C11909,0,
C11910,0,
C11911,0,
C11912,0,
C11913,0,
C11914,0,
C11915,1,2025-08-30
C11916,1,2023-03-27
C11917,0,
C11918,0,
C11919,0,
C11920,0,
C11921,0,
C11922,0,
C11923,0,
C11924,0,
C11925,0,
C11926,0,
C11927,0,
C11928,1,2025-10-20
C11929,0,
C11930,0,
C11931,1,2023-08-11
C11932,0,
C11933,0,
C11934,1,2025-11-03
C11935,0,
C11936,0,
C11937,0,
C11938,0,
C11939,0,
C11940,0,
C11941,1,2025-04-09
C11942,0,
C11943,0,
C11944,1,2024-12-01
C11945,0,
C11946,1,2024-03-14
C11947,0,
C11948,0,
C11949,0,
C11950,0,
C11951,0,
C11952,0,
C11953,0,
C11954,0,
C11955,0,
C11956,0,
C11957,0,
C11958,0,
C11959,0,
C11960,1,2024-06-15
C11961,1,2025-09-20
C11962,0,
C11963,0,
C11964,0,
C11965,0,
C11966,0,
C11967,1,2024-01-08
C11968,0,
C11969,1,2025-05-31
C11970,1,2024-07-19
C11971,0,
C11972,0,
C11973,0,
C11974,0,
C11975,0,
C11976,0,
C11977,0,
C11978,0,
C11979,0,
C11980,0,
C11981,0,
C11982,0,
C11983,0,
C11984,0,
C11985,0,
C11986,1,2025-05-13
C11987,0,
C11988,1,2024-04-21
C11989,1,2025-12-18
C11990,0,
C11991,1,2024-09-17
C11992,0,
C11993,0,
C11994,1,2025-03-27
C11995,0,
C11996,0,
C11997,0,
C11998,0,
C11999,1,2025-12-07
C12000,0,
C12001,0,
C12002,0,
C12003,1,2025-08-26
C12004,0,
C12005,0,
C12006,0,
C12007,0,
C12008,1,2025-11-09
C12009,0,
C12010,0,
C12011,0,
C12012,0,
C12013,0,
C12014,0,
C12015,0,
C12016,0,
C12017,0,
C12018,0,
C12019,1,2025-08-05
C12020,0,
C12021,0,
C12022,1,2024-03-16
C12023,0,
C12024,0,
C12025,1,2025-09-01
C12026,0,
C12027,0,
C12028,0,
C12029,0,
C12030,0,
C12031,0,
C12032,1,2025-05-02
C12033,1,2025-08-01
C12034,0,
C12035,0,
C12036,1,2025-10-04
C12037,0,
C12038,0,
C12039,0,
C12040,1,2024-04-19
C12041,0,
C12042,1,2025-09-23
C12043,0,
C12044,0,
C12045,0,
C12046,0,
C12047,0,
C12048,0,
C12049,1,2022-06-18
C12050,0,
C12051,0,
C12052,1,2025-11-22
C12053,1,2022-12-29
C12054,0,
C12055,1,2025-12-30
C12056,0,
C12057,0,
C12058,1,2025-07-30
C12059,0,
C12060,0,
C12061,0,
C12062,0,
C12063,0,
C12064,1,2024-12-06
C12065,0,
C12066,0,
C12067,0,
C12068,0,
C12069,0,
C12070,0,
C12071,0,
C12072,0,
C12073,0,
C12074,0,
C12075,0,
C12076,0,
C12077,0,
C12078,0,
C12079,0,
C12080,0,
C12081,1,2025-11-10
C12082,0,
C12083,1,2025-08-17
C12084,0,
C12085,0,
C12086,0,
C12087,0,
C12088,0,
C12089,0,
C12090,0,
C12091,1,2025-06-28
C12092,0,
C12093,0,
C12094,0,
C12095,1,2024-02-19
C12096,0,
C12097,0,
C12098,0,
C12099,0,
C12100,0,
C12101,0,
C12102,0,
C12103,0,
C12104,0,
C12105,0,
C12106,0,
C12107,0,
C12108,1,2025-12-19
C12109,0,
C12110,0,
C12111,1,2025-12-01
C12112,0,
C12113,0,
C12114,1,2025-09-29
C12115,0,
C12116,0,
C12117,0,
C12118,0,
C12119,0,
C12120,0,
C12121,0,
C12122,1,2023-08-22
C12123,0,
C12124,0,
C12125,0,
C12126,0,
C12127,0,
C12128,0,
C12129,0,
C12130,1,2025-06-16
C12131,0,
C12132,0,
C12133,0,
C12134,0,
C12135,0,
C12136,0,
C12137,0,
C12138,0,
C12139,0,
C12140,0,
C12141,0,
C12142,0,
C12143,0,
C12144,1,2025-07-17
C12145,0,
C12146,0,
C12147,0,
C12148,0,
C12149,1,2023-10-19
C12150,0,
C12151,1,2023-03-11
C12152,0,
C12153,0,
C12154,0,
C12155,0,
C12156,0,
C12157,0,
C12158,0,
C12159,1,2025-09-22
C12160,0,
C12161,1,2025-10-06
C12162,0,
C12163,1,2024-12-13
C12164,0,
C12165,0,
C12166,0,
C12167,1,2024-12-01
C12168,0,
C12169,0,
C12170,0,
C12171,0,
C12172,0,
C12173,1,2025-11-24
C12174,0,
C12175,0,
C12176,0,
C12177,0,
C12178,0,
C12179,0,
C12180,0,
C12181,0,
C12182,0,
C12183,0,
C12184,1,2024-09-05
C12185,0,
C12186,0,
C12187,0,
C12188,0,
C12189,1,2025-04-25
C12190,0,
C12191,0,
C12192,0,
C12193,1,2025-12-14
C12194,0,
C12195,0,
C12196,0,
C12197,0,
C12198,0,
C12199,0,
C12200,0,
C12201,0,
C12202,0,
C12203,0,
C12204,0,
C12205,0,
C12206,0,
C12207,0,
C12208,0,
C12209,0,
C12210,0,
C12211,0,
C12212,0,
C12213,0,
C12214,1,2024-07-09
C12215,1,2025-12-27
C12216,1,2023-09-06
C12217,0,
C12218,0,
C12219,0,
C12220,0,
C12221,0,
C12222,0,
C12223,0,
C12224,0,
C12225,0,
C12226,0,
C12227,1,2025-12-23
C12228,0,
C12229,0,
C12230,0,
C12231,1,2025-03-07
C12232,0,
C12233,0,
C12234,1,2023-01-04
C12235,1,2025-05-21
C12236,1,2025-12-28
C12237,0,
C12238,0,
C12239,0,
C12240,1,2025-12-26
C12241,1,2025-01-10
C12242,0,
C12243,0,
C12244,0,
C12245,0,
C12246,0,
C12247,0,
C12248,0,
C12249,0,
C12250,0,
C12251,0,
C12252,0,
C12253,0,
C12254,0,
C12255,0,
C12256,0,
C12257,0,
C12258,1,2025-11-13
C12259,0,
C12260,0,
C12261,0,
C12262,1,2024-12-22
C12263,0,
C12264,0,
C12265,0,
C12266,0,
C12267,1,2025-02-06
C12268,0,
C12269,0,
C12270,0,
C12271,0,
C12272,1,2023-11-09
C12273,0,
C12274,0,
C12275,0,
C12276,0,
C12277,1,2025-09-26
C12278,0,
C12279,1,2024-12-25
C12280,0,
C12281,0,
C12282,0,
C12283,0,
C12284,0,
C12285,1,2024-04-18
C12286,0,
C12287,0,
C12288,0,
C12289,0,
C12290,0,
C12291,0,
C12292,0,
C12293,0,
C12294,0,
C12295,1,2024-03-28
C12296,1,2025-03-22
C12297,0,
C12298,0,
C12299,1,2025-11-14
C12300,0,
C12301,1,2025-08-21
C12302,0,
C12303,0,
C12304,0,
C12305,0,
C12306,0,
C12307,0,
C12308,0,
C12309,0,
C12310,0,
C12311,0,
C12312,1,2025-03-01
C12313,0,
C12314,0,
C12315,0,
C12316,0,
C12317,0,
C12318,1,2024-12-18
C12319,1,2025-11-01
C12320,0,
C12321,0,
C12322,0,
C12323,0,
C12324,0,
C12325,0,
C12326,1,2023-12-09
C12327,0,
C12328,1,2023-11-06
C12329,1,2022-09-27
C12330,0,
C12331,0,
C12332,0,
C12333,0,
C12334,1,2025-08-23
C12335,1,2024-07-11
C12336,0,
C12337,0,
C12338,0,
C12339,0,
C12340,1,2023-10-15
C12341,0,
C12342,0,
C12343,0,
C12344,1,2025-09-18
C12345,0,
C12346,0,
C12347,0,
C12348,1,2025-08-26
C12349,0,
C12350,0,
C12351,0,
C12352,0,
C12353,0,
C12354,0,
C12355,0,
C12356,0,
C12357,1,2023-05-28
C12358,0,
C12359,0,
C12360,1,2023-07-30
C12361,0,
C12362,0,
C12363,0,
C12364,0,
C12365,0,
C12366,1,2024-11-16
C12367,1,2025-05-04
C12368,0,
C12369,0,
C12370,0,
C12371,0,
C12372,0,
C12373,0,
C12374,0,
C12375,0,
C12376,0,
C12377,0,
C12378,1,2023-08-24
C12379,0,
C12380,0,
C12381,0,
C12382,0,
C12383,0,
C12384,0,
C12385,0,
C12386,0,
C12387,0,
C12388,0,
C12389,0,
C12390,0,
C12391,0,
C12392,0,
C12393,0,
C12394,0,
C12395,0,
C12396,0,
C12397,0,
C12398,0,
C12399,0,
C12400,0,
C12401,1,2022-10-29
C12402,1,2025-11-15
C12403,0,
C12404,1,2023-08-09
C12405,0,
C12406,1,2025-02-10
C12407,0,
C12408,0,
C12409,0,
C12410,0,
C12411,0,
C12412,0,
C12413,0,
C12414,0,
C12415,0,
C12416,1,2024-06-22
C12417,1,2024-07-11
C12418,0,
C12419,1,2022-12-09
C12420,0,
C12421,0,
C12422,0,
C12423,0,
C12424,0,
C12425,0,
C12426,1,2025-09-21
C12427,1,2025-10-19
C12428,0,
C12429,0,
C12430,0,
C12431,0,
C12432,0,
C12433,0,
C12434,0,
C12435,0,
C12436,0,
C12437,0,
C12438,0,
C12439,1,2024-04-11
C12440,0,
C12441,0,
C12442,1,2024-10-17
C12443,0,
C12444,0,
C12445,1,2023-07-22
C12446,0,
C12447,1,2023-08-13
C12448,1,2025-07-15
C12449,0,
C12450,0,
C12451,0,
C12452,1,2025-11-25
C12453,1,2025-05-29
C12454,0,
C12455,0,
C12456,0,
C12457,1,2025-06-20
C12458,0,
C12459,1,2025-05-31
C12460,1,2025-02-11
C12461,0,
C12462,0,
C12463,0,
C12464,0,
C12465,0,
C12466,0,
C12467,0,
C12468,0,
C12469,0,
C12470,0,
C12471,1,2025-12-07
C12472,0,
C12473,1,2024-02-14
C12474,0,
C12475,0,
C12476,0,
C12477,1,2024-10-18
C12478,0,
C12479,1,2025-11-19
C12480,0,
C12481,0,
C12482,0,
C12483,1,2025-12-24
C12484,0,
C12485,0,
C12486,0,
C12487,0,
C12488,0,
C12489,0,
C12490,0,
C12491,1,2024-03-29
C12492,1,2025-11-24
C12493,0,
C12494,1,2025-12-07
C12495,0,
C12496,0,
C12497,0,
C12498,1,2025-08-04
C12499,0,
C12500,0,
C12501,1,2024-10-05
C12502,0,
C12503,0,
C12504,0,
C12505,0,
C12506,0,
C12507,0,
C12508,0,
C12509,0,
C12510,0,
C12511,0,
C12512,1,2025-07-30
C12513,0,
C12514,0,
C12515,0,
C12516,0,
C12517,0,
C12518,0,
C12519,0,
C12520,0,
C12521,0,
C12522,0,
C12523,0,
C12524,0,
C12525,0,
C12526,0,
C12527,1,2022-07-20
C12528,0,
C12529,0,
C12530,1,2025-11-22
C12531,0,
C12532,0,
C12533,0,
C12534,0,
C12535,0,
C12536,0,
C12537,0,
C12538,1,2025-05-26
C12539,0,
C12540,0,
C12541,0,
C12542,0,
C12543,0,
C12544,0,
C12545,0,
C12546,1,2025-09-25
C12547,0,
C12548,1,2025-09-01
C12549,0,
C12550,0,
C12551,1,2025-11-27
C12552,1,2025-11-10
C12553,0,
C12554,0,
C12555,0,
C12556,0,
C12557,0,
C12558,1,2025-12-23
C12559,0,
C12560,0,
C12561,0,
C12562,1,2025-12-31
C12563,0,
C12564,0,
C12565,0,
C12566,0,
C12567,0,
C12568,0,
C12569,0,
C12570,0,
C12571,0,
C12572,1,2025-12-27
C12573,0,
C12574,0,
C12575,0,
C12576,0,
C12577,0,
C12578,0,
C12579,0,
C12580,0,
C12581,1,2025-02-08
C12582,0,
C12583,0,
C12584,0,
C12585,1,2025-09-18
C12586,0,
C12587,1,2025-01-08
C12588,0,
C12589,0,
C12590,0,
C12591,0,
C12592,0,
C12593,0,
C12594,1,2025-12-30
C12595,0,
C12596,1,2023-11-22
C12597,0,
C12598,0,
C12599,1,2025-12-26
C12600,1,2025-02-03
C12601,0,
C12602,0,
C12603,0,
C12604,1,2025-06-06
C12605,0,
C12606,0,
C12607,0,
C12608,1,2024-11-10
C12609,0,
C12610,1,2025-11-14
C12611,0,
C12612,0,
C12613,0,
C12614,0,
C12615,0,
C12616,0,
C12617,0,
C12618,0,
C12619,0,
C12620,0,
C12621,0,
C12622,0,
C12623,0,
C12624,0,
C12625,0,
C12626,0,
C12627,1,2023-07-18
C12628,0,
C12629,1,2025-11-20
C12630,0,
C12631,0,
C12632,1,2024-12-01
C12633,0,
C12634,1,2025-09-21
C12635,0,
C12636,0,
C12637,1,2025-11-03
C12638,0,
C12639,0,
C12640,0,
C12641,0,
C12642,0,
C12643,0,
C12644,0,
C12645,0,
C12646,0,
C12647,0,
C12648,0,
C12649,0,
C12650,0,
C12651,0,
C12652,0,
C12653,0,
C12654,0,
C12655,0,
C12656,1,2024-02-28
C12657,0,
C12658,1,2025-12-25
C12659,0,
C12660,0,
C12661,0,
C12662,0,
C12663,0,
C12664,1,2024-05-18
C12665,1,2025-12-01
C12666,0,
C12667,1,2024-03-30
C12668,1,2025-04-17
C12669,1,2024-04-14
C12670,0,
C12671,0,
C12672,1,2025-10-29
C12673,0,
C12674,0,
C12675,0,
C12676,0,
C12677,0,
C12678,0,
C12679,0,
C12680,0,
C12681,0,
C12682,1,2025-12-19
C12683,0,
C12684,0,
C12685,1,2024-10-12
C12686,0,
C12687,0,
C12688,0,
C12689,0,
C12690,1,2024-03-09
C12691,0,
C12692,0,
C12693,1,2025-12-11
C12694,0,
C12695,0,
C12696,0,
C12697,0,
C12698,0,
C12699,1,2025-08-23
C12700,0,
C12701,0,
C12702,0,
C12703,0,
C12704,0,
C12705,0,
C12706,0,
C12707,0,
C12708,1,2025-08-01
C12709,0,
C12710,0,
C12711,0,
C12712,0,
C12713,0,
C12714,1,2024-08-12
C12715,1,2025-06-03
C12716,0,
C12717,0,
C12718,0,
C12719,0,
C12720,0,
C12721,1,2025-09-03
C12722,1,2025-07-09
C12723,0,
C12724,0,
C12725,0,
C12726,0,
C12727,0,
C12728,0,
C12729,1,2024-11-30
C12730,0,
C12731,0,
C12732,0,
C12733,0,
C12734,0,
C12735,0,
C12736,0,
C12737,1,2025-10-25
C12738,0,
C12739,0,
C12740,0,
C12741,0,
C12742,0,
C12743,0,
C12744,0,
C12745,0,
C12746,0,
C12747,1,2024-08-05
C12748,0,
C12749,0,
C12750,1,2025-09-21
C12751,0,
C12752,0,
C12753,0,
C12754,0,
C12755,0,
C12756,0,
C12757,0,
C12758,0,
C12759,0,
C12760,0,
C12761,1,2025-10-10
C12762,0,
C12763,0,
C12764,1,2025-11-17
C12765,0,
C12766,0,
C12767,1,2023-05-25
C12768,0,
C12769,0,
C12770,1,2025-04-05
C12771,0,
C12772,0,
C12773,1,2024-01-07
C12774,0,
C12775,0,
C12776,0,
C12777,0,
C12778,0,
C12779,1,2025-09-05
C12780,0,
C12781,0,
C12782,0,
C12783,0,
C12784,0,
C12785,0,
C12786,0,
C12787,1,2024-12-03
C12788,0,
C12789,0,
C12790,0,
C12791,0,
C12792,1,2025-11-04
C12793,0,
C12794,0,
C12795,0,
C12796,0,
C12797,0,
C12798,0,
C12799,0,
C12800,0,
C12801,0,
C12802,1,2025-03-27
C12803,1,2025-02-19
C12804,0,
C12805,0,
C12806,0,
C12807,0,
C12808,0,
C12809,0,
C12810,0,
C12811,0,
C12812,0,
C12813,1,2024-04-06
C12814,0,
C12815,1,2025-08-11
C12816,0,
C12817,1,2024-11-23
C12818,1,2025-02-04
C12819,1,2024-12-12
C12820,0,
C12821,0,
C12822,0,
C12823,1,2025-12-27
C12824,0,
C12825,0,
C12826,0,
C12827,0,
C12828,1,2025-11-21
C12829,0,
C12830,1,2025-04-11
C12831,0,
C12832,0,
C12833,0,
C12834,0,
C12835,1,2025-07-13
C12836,0,
C12837,0,
C12838,0,
C12839,0,
C12840,0,
C12841,0,
C12842,0,
C12843,0,
C12844,0,
C12845,0,
C12846,0,
C12847,0,
C12848,0,
C12849,1,2023-03-29
C12850,0,
C12851,0,
C12852,0,
C12853,0,
C12854,0,
C12855,0,
C12856,0,
C12857,0,
C12858,0,
C12859,0,
C12860,0,
C12861,0,
C12862,1,2025-04-14
C12863,1,2024-10-16
C12864,0,
C12865,0,
C12866,0,
C12867,1,2024-07-23
C12868,0,
C12869,1,2025-02-28
C12870,0,
C12871,0,
C12872,0,
C12873,0,
C12874,0,
C12875,1,2023-03-03
C12876,0,
C12877,0,
C12878,1,2025-10-23
C12879,1,2025-05-15
C12880,0,
C12881,0,
C12882,1,2024-11-11
C12883,1,2023-11-01
C12884,0,
C12885,1,2025-06-21
C12886,0,
C12887,0,
C12888,0,
C12889,0,
C12890,1,2025-12-25
C12891,1,2025-02-19
C12892,0,
C12893,1,2025-06-20
C12894,0,
C12895,1,2025-11-12
C12896,0,
C12897,0,
C12898,0,
C12899,0,
C12900,0,
C12901,0,
C12902,0,
C12903,0,
C12904,0,
C12905,0,
C12906,0,
C12907,0,
C12908,1,2024-05-28
C12909,1,2024-03-06
C12910,0,
C12911,1,2025-03-20
C12912,1,2025-12-27
C12913,0,
C12914,0,
C12915,0,
C12916,0,
C12917,0,
C12918,0,
C12919,1,2025-07-09
C12920,1,2025-11-19
C12921,0,
C12922,0,
C12923,0,
C12924,0,
C12925,0,
C12926,0,
C12927,1,2025-09-30
C12928,0,
C12929,0,
C12930,0,
C12931,0,
C12932,0,
C12933,0,
C12934,0,
C12935,0,
C12936,0,
C12937,1,2025-10-18
C12938,1,2025-07-07
C12939,1,2023-10-31
C12940,0,
C12941,0,
C12942,0,
C12943,1,2024-05-03
C12944,1,2025-12-03
C12945,0,
C12946,0,
C12947,0,
C12948,0,
C12949,1,2025-12-15
C12950,0,
C12951,0,
C12952,1,2025-06-19
C12953,1,2025-08-14
C12954,1,2025-10-26
C12955,0,
C12956,0,
C12957,0,
C12958,0,
C12959,0,
C12960,0,
C12961,0,
C12962,0,
C12963,0,
C12964,0,
C12965,0,
C12966,0,
C12967,1,2025-07-26
C12968,0,
C12969,0,
C12970,0,
C12971,0,
C12972,0,
C12973,1,2025-01-07
C12974,1,2025-01-28
C12975,0,
C12976,0,
C12977,1,2023-03-03
C12978,0,
C12979,0,
C12980,0,
C12981,0,
C12982,0,
C12983,0,
C12984,0,
C12985,0,
C12986,0,
C12987,0,
C12988,0,
C12989,0,
C12990,0,
C12991,0,
C12992,1,2024-07-30
C12993,0,
C12994,0,
C12995,0,
C12996,1,2023-03-29
C12997,0,
C12998,0,
C12999,1,2024-10-21
C13000,0,
C13001,1,2025-10-18
C13002,0,
C13003,0,
C13004,1,2023-03-05
C13005,0,
C13006,0,
C13007,1,2025-11-09
C13008,0,
C13009,0,
C13010,0,
C13011,0,
C13012,1,2025-11-24
C13013,0,
C13014,0,
C13015,0,
C13016,0,
C13017,0,
C13018,1,2024-08-21
C13019,0,
C13020,1,2025-04-14
C13021,0,
C13022,1,2025-01-18
C13023,0,
C13024,0,
C13025,0,
C13026,0,
C13027,0,
C13028,0,
C13029,0,
C13030,0,
C13031,0,
C13032,0,
C13033,0,
C13034,0,
C13035,0,
C13036,0,
C13037,0,
C13038,0,
C13039,0,
C13040,1,2025-06-28
C13041,1,2024-12-20
C13042,0,
C13043,0,
C13044,1,2025-03-08
C13045,1,2024-08-06
C13046,0,
C13047,1,2025-04-04
C13048,0,
C13049,0,
C13050,0,
C13051,1,2025-11-14
C13052,0,
C13053,0,
C13054,1,2025-12-22
C13055,0,
C13056,1,2023-04-12
C13057,0,
C13058,0,
C13059,0,
C13060,0,
C13061,0,
C13062,1,2025-08-07
C13063,1,2023-07-19
C13064,0,
C13065,0,
C13066,0,
C13067,0,
C13068,0,
C13069,0,
C13070,0,
C13071,0,
C13072,0,
C13073,0,
C13074,0,
C13075,0,
C13076,0,
C13077,1,2024-05-13
C13078,0,
C13079,0,
C13080,0,
C13081,0,
C13082,0,
C13083,0,
C13084,0,
C13085,1,2024-09-09
C13086,0,
C13087,0,
C13088,0,
C13089,0,
C13090,0,
C13091,1,2024-06-07
C13092,0,
C13093,0,
C13094,0,
C13095,0,
C13096,0,
C13097,0,
C13098,0,
C13099,1,2025-06-11
C13100,1,2025-06-28
C13101,0,
C13102,1,2023-02-11
C13103,0,
C13104,0,
C13105,1,2025-12-23
C13106,0,
C13107,1,2023-12-20
C13108,0,
C13109,1,2025-05-11
C13110,0,
C13111,1,2025-12-06
C13112,1,2025-01-18
C13113,0,
C13114,0,
C13115,0,
C13116,0,
C13117,0,
C13118,1,2024-02-20
C13119,0,
C13120,1,2025-03-31
C13121,0,
C13122,1,2025-11-11
C13123,0,
C13124,1,2025-05-27
C13125,0,
C13126,0,
C13127,0,
C13128,0,
C13129,0,
C13130,0,
C13131,0,
C13132,0,
C13133,0,
C13134,0,
C13135,0,
C13136,0,
C13137,0,
C13138,0,
C13139,0,
C13140,0,
C13141,1,2025-03-25
C13142,1,2025-06-15
C13143,0,
C13144,1,2025-03-09
C13145,1,2025-11-28
C13146,0,
C13147,0,
C13148,0,
C13149,0,
C13150,1,2025-12-29
C13151,0,
C13152,0,
C13153,0,
C13154,0,
C13155,0,
C13156,0,
C13157,0,
C13158,0,
C13159,1,2024-04-08
C13160,0,
C13161,0,
C13162,0,
C13163,0,
C13164,0,
C13165,0,
C13166,0,
C13167,0,
C13168,1,2024-01-12
C13169,0,
C13170,0,
C13171,1,2024-10-20
C13172,0,
C13173,1,2025-12-19
C13174,0,
C13175,0,
C13176,0,
C13177,0,
C13178,1,2025-11-20
C13179,0,
C13180,0,
C13181,0,
C13182,0,
C13183,0,
C13184,0,
C13185,1,2025-12-06
C13186,0,
C13187,0,
C13188,0,
C13189,0,
C13190,0,
C13191,0,
C13192,0,
C13193,0,
C13194,0,
C13195,0,
C13196,0,
C13197,1,2022-11-02
C13198,0,
C13199,0,
C13200,0,
C13201,0,
C13202,0,
C13203,1,2023-10-10
C13204,0,
C13205,0,
C13206,0,
C13207,1,2023-03-15
C13208,0,
C13209,0,
C13210,0,
C13211,0,
C13212,0,
C13213,0,
C13214,1,2025-11-12
C13215,0,
C13216,0,
C13217,0,
C13218,0,
C13219,0,
C13220,0,
C13221,0,
C13222,0,
C13223,0,
C13224,1,2025-05-01
C13225,0,
C13226,1,2024-12-20
C13227,0,
C13228,0,
C13229,0,
C13230,1,2024-03-25
C13231,0,
C13232,0,
C13233,1,2025-04-30
C13234,0,
C13235,0,
C13236,0,
C13237,0,
C13238,0,
C13239,0,
C13240,0,
C13241,0,
C13242,0,
C13243,0,
C13244,0,
C13245,1,2025-02-07
C13246,0,
C13247,0,
C13248,0,
C13249,0,
C13250,0,
C13251,1,2025-12-24
C13252,0,
C13253,0,
C13254,0,
C13255,1,2025-07-25
C13256,0,
C13257,0,
C13258,0,
C13259,1,2025-07-19
C13260,0,
C13261,0,
C13262,1,2024-08-28
C13263,1,2023-03-10
C13264,0,
C13265,0,
C13266,0,
C13267,0,
C13268,0,
C13269,1,2025-10-09
C13270,0,
C13271,0,
C13272,0,
C13273,0,
C13274,0,
C13275,0,
C13276,0,
C13277,0,
C13278,0,
C13279,0,
C13280,0,
C13281,1,2025-03-09
C13282,0,
C13283,0,
C13284,1,2025-02-24
C13285,0,
C13286,0,
C13287,0,
C13288,1,2025-03-27
C13289,0,
C13290,0,
C13291,0,
C13292,0,
C13293,1,2025-08-22
C13294,0,
C13295,1,2025-08-30
C13296,0,
C13297,0,
C13298,0,
C13299,0,
C13300,0,
C13301,0,
C13302,0,
C13303,1,2025-01-14
C13304,0,
C13305,0,
C13306,0,
C13307,0,
C13308,0,
C13309,0,
C13310,0,
C13311,0,
C13312,0,
C13313,0,
C13314,0,
C13315,1,2025-09-28
C13316,0,
C13317,0,
C13318,0,
C13319,1,2025-06-08
C13320,0,
C13321,1,2024-09-21
C13322,0,
C13323,0,
C13324,0,
C13325,0,
C13326,0,
C13327,0,
C13328,0,
C13329,1,2025-12-31
C13330,0,
C13331,0,
C13332,0,
C13333,0,
C13334,0,
C13335,0,
C13336,0,
C13337,0,
C13338,0,
C13339,0,
C13340,0,
C13341,1,2025-10-10
C13342,0,
C13343,0,
C13344,0,
C13345,1,2025-01-30
C13346,0,
C13347,0,
C13348,0,
C13349,1,2025-02-23
C13350,0,
C13351,0,
C13352,0,
C13353,0,
C13354,0,
C13355,0,
C13356,0,
C13357,0,
C13358,0,
C13359,0,
C13360,0,
C13361,0,
C13362,0,
C13363,1,2025-04-30
C13364,0,
C13365,0,
C13366,0,
C13367,0,
C13368,1,2025-11-26
C13369,0,
C13370,0,
C13371,1,2025-08-11
C13372,1,2025-12-16
C13373,0,
C13374,0,
C13375,0,
C13376,0,
C13377,0,
C13378,0,
C13379,0,
C13380,1,2025-09-06
C13381,0,
C13382,1,2025-08-12
C13383,0,
C13384,1,2025-05-10
C13385,0,
C13386,0,
C13387,0,
C13388,0,
C13389,0,
C13390,0,
C13391,0,
C13392,0,
C13393,0,
C13394,0,
C13395,0,
C13396,0,
C13397,0,
C13398,0,
C13399,0,
C13400,1,2025-12-15
C13401,0,
C13402,0,
C13403,0,
C13404,0,
C13405,0,
C13406,0,
C13407,0,
C13408,1,2024-05-27
C13409,0,
C13410,0,
C13411,0,
C13412,1,2025-01-14
C13413,0,
C13414,0,
C13415,0,
C13416,1,2022-08-25
C13417,0,
C13418,1,2025-10-28
C13419,0,
C13420,0,
C13421,0,
C13422,0,
C13423,0,
C13424,0,
C13425,0,
C13426,1,2025-12-30
C13427,0,
C13428,0,
C13429,0,
C13430,1,2024-12-11
C13431,0,
C13432,1,2025-08-01
C13433,1,2025-07-18
C13434,0,
C13435,0,
C13436,1,2024-07-15
C13437,0,
C13438,1,2025-01-11
C13439,1,2025-08-06
C13440,0,
C13441,0,
C13442,0,
C13443,0,
C13444,0,
C13445,0,
C13446,1,2024-10-04
C13447,0,
C13448,0,
C13449,0,
C13450,0,
C13451,0,
C13452,0,
C13453,0,
C13454,0,
C13455,0,
C13456,0,
C13457,0,
C13458,0,
C13459,1,2025-02-16
C13460,0,
C13461,1,2022-10-16
C13462,0,
C13463,0,
C13464,0,
C13465,1,2023-08-28
C13466,1,2025-09-10
C13467,1,2025-01-18
C13468,0,
C13469,0,
C13470,0,
C13471,0,
C13472,0,
C13473,1,2025-03-19
C13474,0,
C13475,0,
C13476,0,
C13477,0,
C13478,1,2025-05-10
C13479,1,2025-09-16
C13480,0,
C13481,1,2022-11-15
C13482,1,2025-11-05
C13483,0,
C13484,1,2025-12-27
C13485,0,
C13486,0,
C13487,0,
C13488,0,
C13489,1,2025-05-16
C13490,0,
C13491,0,
C13492,0,
C13493,0,
C13494,0,
C13495,1,2025-09-08
C13496,1,2024-08-11
C13497,0,
C13498,1,2025-02-20
C13499,0,
C13500,0,
C13501,0,
C13502,0,
C13503,0,
C13504,1,2025-10-21
C13505,0,
C13506,0,
C13507,0,
C13508,0,
C13509,0,
C13510,1,2025-08-27
C13511,0,
C13512,0,
C13513,1,2025-11-13
C13514,0,
C13515,0,
C13516,0,
C13517,0,
C13518,1,2025-08-28
C13519,0,
C13520,0,
C13521,0,
C13522,1,2023-12-21
C13523,0,
C13524,0,
C13525,0,
C13526,0,
C13527,0,
C13528,0,
C13529,0,
C13530,1,2025-05-22
C13531,0,
C13532,0,
C13533,0,
C13534,0,
C13535,0,
C13536,0,
C13537,0,
C13538,0,
C13539,0,
C13540,0,
C13541,1,2025-07-14
C13542,0,
C13543,0,
C13544,0,
C13545,0,
C13546,0,
C13547,0,
C13548,0,
C13549,0,
C13550,0,
C13551,0,
C13552,0,
C13553,0,
C13554,0,
C13555,1,2025-04-19
C13556,0,
C13557,0,
C13558,0,
C13559,0,
C13560,0,
C13561,0,
C13562,0,
C13563,0,
C13564,0,
C13565,0,
C13566,1,2025-08-13
C13567,0,
C13568,0,
C13569,0,
C13570,0,
C13571,0,
C13572,0,
C13573,0,
C13574,0,
C13575,0,
C13576,1,2024-07-04
C13577,0,
C13578,0,
C13579,0,
C13580,0,
C13581,0,
C13582,0,
C13583,1,2024-03-24
C13584,1,2025-04-16
C13585,0,
C13586,0,
C13587,0,
C13588,0,
C13589,0,
C13590,0,
C13591,0,
C13592,0,
C13593,0,
C13594,0,
C13595,0,
C13596,0,
C13597,0,
C13598,0,
C13599,0,
C13600,0,
C13601,0,
C13602,0,
C13603,0,
C13604,0,
C13605,0,
C13606,0,
C13607,0,
C13608,0,
C13609,0,
C13610,0,
C13611,0,
C13612,0,
C13613,0,
C13614,0,
C13615,0,
C13616,0,
C13617,0,
C13618,0,
C13619,0,
C13620,1,2024-11-29
C13621,1,2024-09-21
C13622,0,
C13623,0,
C13624,0,
C13625,0,
C13626,0,
C13627,0,
C13628,1,2025-08-22
C13629,0,
C13630,0,
C13631,1,2025-12-14
C13632,0,
C13633,0,
C13634,0,
C13635,0,
C13636,0,
C13637,0,
C13638,0,
C13639,0,
C13640,0,
C13641,0,
C13642,0,
C13643,0,
C13644,1,2023-02-12
C13645,0,
C13646,1,2022-03-03
C13647,0,
C13648,1,2025-11-23
C13649,0,
C13650,0,
C13651,0,
C13652,1,2024-01-21
C13653,0,
C13654,0,
C13655,1,2025-08-25
C13656,1,2025-11-23
C13657,0,
C13658,0,
C13659,0,
C13660,0,
C13661,0,
C13662,0,
C13663,0,
C13664,0,
C13665,0,
C13666,0,
C13667,0,
C13668,1,2024-08-16
C13669,0,
C13670,0,
C13671,0,
C13672,0,
C13673,0,
C13674,0,
C13675,0,
C13676,0,
C13677,0,
C13678,0,
C13679,0,
C13680,0,
C13681,0,
C13682,0,
C13683,0,
C13684,0,
C13685,0,
C13686,0,
C13687,0,
C13688,0,
C13689,0,
C13690,0,
C13691,1,2025-11-03
C13692,0,
C13693,0,
C13694,0,
C13695,0,
C13696,0,
C13697,0,
C13698,1,2025-03-22
C13699,0,
C13700,0,
C13701,0,
C13702,0,
C13703,0,
C13704,0,
C13705,1,2025-12-31
C13706,0,
C13707,0,
C13708,0,
C13709,0,
C13710,0,
C13711,0,
C13712,0,
C13713,0,
C13714,0,
C13715,1,2025-12-30
C13716,0,
C13717,1,2025-12-28
C13718,0,
C13719,0,
C13720,1,2024-09-13
C13721,0,
C13722,0,
C13723,0,
C13724,0,
C13725,0,
C13726,0,
C13727,0,
C13728,1,2025-12-27
C13729,0,
C13730,0,
C13731,0,
C13732,0,
C13733,0,
C13734,0,
C13735,0,
C13736,0,
C13737,0,
C13738,1,2025-08-23
C13739,0,
C13740,0,
C13741,0,
C13742,0,
C13743,1,2023-08-02
C13744,0,
C13745,1,2023-12-10
C13746,0,
C13747,0,
C13748,0,
C13749,1,2025-11-24
C13750,0,
C13751,0,
C13752,0,
C13753,1,2023-06-02
C13754,0,
C13755,1,2025-09-26
C13756,0,
C13757,0,
C13758,0,
C13759,1,2025-09-05
C13760,0,
C13761,0,
C13762,0,
C13763,0,
C13764,0,
C13765,0,
C13766,1,2024-06-24
C13767,0,
C13768,0,
C13769,0,
C13770,0,
C13771,0,
C13772,0,
C13773,0,
C13774,0,
C13775,0,
C13776,0,
C13777,0,
C13778,0,
C13779,0,
C13780,0,
C13781,0,
C13782,0,
C13783,0,
C13784,0,
C13785,0,
C13786,0,
C13787,1,2023-07-26
C13788,0,
C13789,0,
C13790,0,
C13791,0,
C13792,0,
C13793,0,
C13794,0,
C13795,0,
C13796,0,
C13797,0,
C13798,0,
C13799,0,
C13800,0,
C13801,0,
C13802,0,
C13803,0,
C13804,0,
C13805,0,
C13806,1,2025-01-26
C13807,0,
C13808,0,
C13809,0,
C13810,1,2025-02-17
C13811,0,
C13812,1,2024-04-01
C13813,1,2025-11-27
C13814,0,
C13815,0,
C13816,1,2025-06-21
C13817,1,2025-11-22
C13818,0,
C13819,0,
C13820,1,2025-10-15
C13821,0,
C13822,0,
C13823,0,
C13824,0,
C13825,1,2025-10-15
C13826,0,
C13827,0,
C13828,1,2025-05-29
C13829,0,
C13830,0,
C13831,0,
C13832,0,
C13833,1,2024-04-04
C13834,0,
C13835,0,
C13836,0,
C13837,1,2025-02-19
C13838,0,
C13839,0,
C13840,0,
C13841,0,
C13842,1,2025-12-05
C13843,0,
C13844,0,
C13845,0,
C13846,0,
C13847,0,
C13848,0,
C13849,1,2025-08-16
C13850,0,
C13851,0,
C13852,0,
C13853,0,
C13854,0,
C13855,0,
C13856,0,
C13857,0,
C13858,1,2024-09-05
C13859,0,
C13860,0,
C13861,0,
C13862,1,2022-09-19
C13863,1,2025-12-12
C13864,0,
C13865,0,
C13866,0,
C13867,0,
C13868,0,
C13869,0,
C13870,0,
C13871,0,
C13872,1,2025-10-02
C13873,0,
C13874,0,
C13875,0,
C13876,0,
C13877,0,
C13878,0,
C13879,0,
C13880,0,
C13881,0,
C13882,0,
C13883,1,2024-10-11
C13884,0,
C13885,0,
C13886,0,
C13887,0,
C13888,1,2025-07-05
C13889,0,
C13890,1,2024-07-16
C13891,0,
C13892,0,
C13893,1,2022-12-04
C13894,0,
C13895,0,
C13896,0,
C13897,0,
C13898,0,
C13899,1,2024-02-19
C13900,0,
C13901,0,
C13902,0,
C13903,0,
C13904,1,2023-12-24
C13905,0,
C13906,0,
C13907,1,2024-08-23
C13908,0,
C13909,1,2023-12-24
C13910,0,
C13911,0,
C13912,0,
C13913,0,
C13914,0,
C13915,0,
C13916,0,
C13917,0,
C13918,0,
C13919,0,
C13920,0,
C13921,0,
C13922,1,2025-12-31
C13923,0,
C13924,0,
C13925,1,2024-10-07
C13926,0,
C13927,1,2023-03-27
C13928,0,
C13929,0,
C13930,0,
C13931,0,
C13932,1,2023-03-16
C13933,0,
C13934,1,2025-08-22
C13935,0,
C13936,0,
C13937,1,2025-12-19
C13938,1,2025-02-19
C13939,0,
C13940,0,
C13941,0,
C13942,0,
C13943,0,
C13944,0,
C13945,0,
C13946,1,2025-07-20
C13947,0,
C13948,0,
C13949,1,2022-11-13
C13950,0,
C13951,0,
C13952,0,
C13953,1,2025-02-05
C13954,0,
C13955,1,2025-12-01
C13956,0,
C13957,0,
C13958,0,
C13959,0,
C13960,0,
C13961,0,
C13962,1,2025-11-19
C13963,0,
C13964,1,2024-12-12
C13965,0,
C13966,0,
C13967,0,
C13968,1,2024-08-19
C13969,0,
C13970,1,2025-04-06
C13971,0,
C13972,0,
C13973,0,
C13974,0,
C13975,0,
C13976,0,
C13977,0,
C13978,0,
C13979,1,2025-09-03
C13980,0,
C13981,0,
C13982,0,
C13983,0,
C13984,0,
C13985,0,
C13986,0,
C13987,0,
C13988,0,
C13989,0,
C13990,0,
C13991,0,
C13992,0,
C13993,0,
C13994,0,
C13995,0,
C13996,1,2025-04-01
C13997,0,
C13998,0,
C13999,0,
C14000,0,
C14001,1,2025-09-09
C14002,0,
C14003,0,
C14004,0,
C14005,0,
C14006,0,
C14007,0,
C14008,0,
C14009,1,2023-09-28
C14010,0,
C14011,1,2023-11-23
C14012,0,
C14013,1,2025-12-01
C14014,0,
C14015,1,2025-11-29
C14016,0,
C14017,0,
C14018,1,2025-11-26
C14019,0,
C14020,0,
C14021,0,
C14022,0,
C14023,0,
C14024,1,2022-12-21
C14025,0,
C14026,0,
C14027,0,
C14028,0,
C14029,0,
C14030,0,
C14031,0,
C14032,0,
C14033,1,2024-08-07
C14034,1,2024-11-01
C14035,0,
C14036,0,
C14037,0,
C14038,0,
C14039,0,
C14040,0,
C14041,0,
C14042,1,2025-03-30
C14043,0,
C14044,0,
C14045,1,2024-12-05
C14046,0,
C14047,1,2024-07-13
C14048,1,2024-10-28
C14049,1,2025-10-31
C14050,0,
C14051,0,
C14052,0,
C14053,0,
C14054,0,
C14055,0,
C14056,0,
C14057,0,
C14058,1,2025-03-28
C14059,1,2024-08-01
C14060,0,
C14061,0,
C14062,0,
C14063,0,
C14064,0,
C14065,0,
C14066,0,
C14067,0,
C14068,1,2024-02-07
C14069,0,
C14070,0,
C14071,0,
C14072,0,
C14073,0,
C14074,1,2025-09-02
C14075,0,
C14076,0,
C14077,1,2024-04-18
C14078,0,
C14079,0,
C14080,0,
C14081,1,2024-04-06
C14082,1,2025-10-16
C14083,0,
C14084,0,
C14085,0,
C14086,1,2024-01-04
C14087,1,2025-11-07
C14088,0,
C14089,1,2024-06-22
C14090,0,
C14091,1,2024-12-28
C14092,0,
C14093,0,
C14094,0,
C14095,0,
C14096,0,
C14097,0,
C14098,1,2024-10-22
C14099,0,
C14100,0,
C14101,0,
C14102,0,
C14103,1,2025-11-03
C14104,0,
C14105,1,2024-10-01
C14106,0,
C14107,0,
C14108,0,
C14109,0,
C14110,0,
C14111,0,
C14112,0,
C14113,0,
C14114,0,
C14115,0,
C14116,0,
C14117,1,2023-12-14
C14118,0,
C14119,0,
C14120,1,2025-03-09
C14121,0,
C14122,0,
C14123,1,2025-10-20
C14124,0,
C14125,0,
C14126,0,
C14127,0,
C14128,0,
C14129,0,
C14130,0,
C14131,1,2024-06-28
C14132,0,
C14133,0,
C14134,0,
C14135,1,2025-08-07
C14136,0,
C14137,0,
C14138,0,
C14139,0,
C14140,0,
C14141,0,
C14142,1,2025-06-10
C14143,0,
C14144,1,2025-06-12
C14145,0,
C14146,0,
C14147,0,
C14148,0,
C14149,0,
C14150,1,2025-12-02
C14151,0,
C14152,0,
C14153,1,2025-10-26
C14154,0,
C14155,0,
C14156,0,
C14157,0,
C14158,0,
C14159,1,2025-09-22
C14160,0,
C14161,0,
C14162,0,
C14163,0,
C14164,0,
C14165,0,
C14166,0,
C14167,0,
C14168,1,2025-08-19
C14169,0,
C14170,0,
C14171,0,
C14172,0,
C14173,0,
C14174,0,
C14175,1,2022-09-03
C14176,0,
C14177,0,
C14178,0,
C14179,0,
C14180,0,
C14181,0,
C14182,0,
C14183,0,
C14184,0,
C14185,0,
C14186,0,
C14187,0,
C14188,0,
C14189,0,
C14190,0,
C14191,0,
C14192,0,
C14193,0,
C14194,0,
C14195,1,2022-10-29
C14196,1,2025-10-18
C14197,0,
C14198,0,
C14199,0,
C14200,0,
C14201,0,
C14202,0,
C14203,0,
C14204,0,
C14205,0,
C14206,0,
C14207,0,
C14208,0,
C14209,0,
C14210,0,
C14211,0,
C14212,0,
C14213,1,2024-06-26
C14214,0,
C14215,0,
C14216,1,2025-11-22
C14217,0,
C14218,0,
C14219,0,
C14220,0,
C14221,0,
C14222,0,
C14223,0,
C14224,0,
C14225,0,
C14226,0,
C14227,0,
C14228,0,
C14229,1,2025-07-05
C14230,0,
C14231,0,
C14232,0,
C14233,0,
C14234,0,
C14235,0,
C14236,0,
C14237,0,
C14238,0,
C14239,0,
C14240,0,
C14241,0,
C14242,1,2024-12-02
C14243,0,
C14244,1,2025-10-20
C14245,0,
C14246,0,
C14247,0,
C14248,0,
C14249,0,
C14250,0,
C14251,0,
C14252,0,
C14253,0,
C14254,0,
C14255,0,
C14256,0,
C14257,0,
C14258,0,
C14259,0,
C14260,0,
C14261,0,
C14262,0,
C14263,0,
C14264,1,2025-12-07
C14265,1,2024-10-01
C14266,0,
C14267,0,
C14268,0,
C14269,1,2025-11-19
C14270,1,2025-04-23
C14271,1,2024-09-26
C14272,0,
C14273,0,
C14274,1,2025-05-24
C14275,1,2024-04-24
C14276,1,2025-12-11
C14277,0,
C14278,0,
C14279,0,
C14280,0,
C14281,0,
C14282,0,
C14283,0,
C14284,1,2025-09-27
C14285,0,
C14286,0,
C14287,0,
C14288,0,
C14289,0,
C14290,1,2025-11-24
C14291,0,
C14292,0,
C14293,0,
C14294,0,
C14295,0,
C14296,0,
C14297,0,
C14298,1,2025-12-19
C14299,0,
C14300,0,
C14301,1,2025-07-14
C14302,1,2025-05-01
C14303,0,
C14304,0,
C14305,0,
C14306,0,
C14307,1,2025-04-15
C14308,0,
C14309,0,
C14310,1,2025-11-14
C14311,0,
C14312,0,
C14313,0,
C14314,0,
C14315,1,2025-12-11
C14316,0,
C14317,1,2025-10-13
C14318,1,2023-09-25
C14319,0,
C14320,0,
C14321,0,
C14322,0,
C14323,0,
C14324,0,
C14325,0,
C14326,0,
C14327,0,
C14328,0,
C14329,0,
C14330,0,
C14331,0,
C14332,1,2025-01-04
C14333,0,
C14334,0,
C14335,0,
C14336,1,2024-04-23
C14337,0,
C14338,0,
C14339,0,
C14340,0,
C14341,1,2024-05-02
C14342,1,2023-11-30
C14343,0,
C14344,0,
C14345,0,
C14346,0,
C14347,0,
C14348,0,
C14349,0,
C14350,0,
C14351,1,2024-12-10
C14352,0,
C14353,0,
C14354,0,
C14355,0,
C14356,1,2025-07-06
C14357,0,
C14358,1,2024-11-25
C14359,0,
C14360,0,
C14361,1,2025-08-17
C14362,1,2025-08-26
C14363,0,
C14364,1,2025-12-21
C14365,0,
C14366,0,
C14367,1,2024-06-06
C14368,0,
C14369,0,
C14370,0,
C14371,0,
C14372,0,
C14373,0,
C14374,1,2024-03-06
C14375,0,
C14376,0,
C14377,0,
C14378,1,2023-12-30
C14379,0,
C14380,0,
C14381,0,
C14382,0,
C14383,0,
C14384,0,
C14385,0,
C14386,0,
C14387,0,
C14388,0,
C14389,0,
C14390,0,
C14391,0,
C14392,0,
C14393,0,
C14394,0,
C14395,1,2025-03-19
C14396,0,
C14397,0,
C14398,0,
C14399,0,
C14400,0,
C14401,0,
C14402,0,
C14403,0,
C14404,0,
C14405,0,
C14406,0,
C14407,0,
C14408,0,
C14409,1,2025-02-01
C14410,1,2024-12-15
C14411,0,
C14412,0,
C14413,0,
C14414,0,
C14415,0,
C14416,0,
C14417,0,
C14418,0,
C14419,0,
C14420,1,2025-06-12
C14421,0,
C14422,0,
C14423,0,
C14424,0,
C14425,1,2025-12-26
C14426,0,
C14427,0,
C14428,0,
C14429,0,
C14430,0,
C14431,0,
C14432,0,
C14433,0,
C14434,0,
C14435,0,
C14436,0,
C14437,1,2023-05-28
C14438,0,
C14439,0,
C14440,1,2025-04-12
C14441,1,2025-02-24
C14442,0,
C14443,0,
C14444,0,
C14445,0,
C14446,1,2024-03-09
C14447,0,
C14448,0,
C14449,0,
C14450,0,
C14451,1,2025-10-18
C14452,0,
C14453,0,
C14454,0,
C14455,0,
C14456,0,
C14457,0,
C14458,0,
C14459,0,
C14460,0,
C14461,0,
C14462,0,
C14463,0,
C14464,0,
C14465,1,2025-12-20
C14466,0,
C14467,1,2025-04-26
C14468,0,
C14469,0,
C14470,0,
C14471,0,
C14472,1,2023-09-11
C14473,1,2025-12-11
C14474,0,
C14475,0,
C14476,1,2025-08-15
C14477,0,
C14478,1,2023-09-02
C14479,0,
C14480,1,2025-11-23
C14481,0,
C14482,0,
C14483,0,
C14484,0,
C14485,0,
C14486,1,2025-02-06
C14487,0,
C14488,0,
C14489,0,
C14490,0,
C14491,0,
C14492,0,
C14493,0,
C14494,0,
C14495,0,
C14496,1,2025-07-15
C14497,1,2025-11-13
C14498,1,2025-03-13
C14499,0,
C14500,0,
C14501,0,
C14502,1,2025-12-08
C14503,0,
C14504,0,
C14505,0,
C14506,0,
C14507,0,
C14508,1,2025-03-15
C14509,0,
C14510,0,
C14511,0,
C14512,0,
C14513,0,
C14514,0,
C14515,1,2025-07-04
C14516,0,
C14517,0,
C14518,0,
C14519,1,2023-05-31
C14520,1,2025-04-26
C14521,0,
C14522,0,
C14523,0,
C14524,1,2025-08-16
C14525,0,
C14526,0,
C14527,1,2025-08-27
C14528,1,2023-07-26
C14529,1,2025-12-31
C14530,0,
C14531,0,
C14532,0,
C14533,0,
C14534,1,2025-11-30
C14535,0,
C14536,0,
C14537,1,2023-12-20
C14538,0,
C14539,0,
C14540,0,
C14541,0,
C14542,0,
C14543,0,
C14544,0,
C14545,1,2024-12-27
C14546,0,
C14547,0,
C14548,0,
C14549,0,
C14550,0,
C14551,0,
C14552,1,2025-09-06
C14553,1,2025-09-30
C14554,1,2025-07-31
C14555,1,2025-11-18
C14556,1,2025-02-09
C14557,1,2025-12-16
C14558,0,
C14559,0,
C14560,1,2024-01-16
C14561,0,
C14562,0,
C14563,0,
C14564,0,
C14565,0,
C14566,1,2025-06-22
C14567,0,
C14568,0,
C14569,0,
C14570,0,
C14571,0,
C14572,0,
C14573,1,2024-12-04
C14574,0,
C14575,0,
C14576,0,
C14577,0,
C14578,0,
C14579,0,
C14580,0,
C14581,1,2025-08-01
C14582,0,
C14583,1,2025-11-17
C14584,0,
C14585,0,
C14586,0,
C14587,1,2025-09-24
C14588,0,
C14589,0,
C14590,0,
C14591,0,
C14592,1,2025-09-27
C14593,0,
C14594,0,
C14595,0,
C14596,0,
C14597,1,2025-10-20
C14598,0,
C14599,0,
C14600,0,
C14601,0,
C14602,0,
C14603,0,
C14604,0,
C14605,0,
C14606,1,2025-11-17
C14607,0,
C14608,0,
C14609,0,
C14610,0,
C14611,0,
C14612,1,2024-10-02
C14613,0,
C14614,0,
C14615,0,
C14616,0,
C14617,0,
C14618,0,
C14619,0,
C14620,0,
C14621,0,
C14622,0,
C14623,0,
C14624,0,
C14625,0,
C14626,0,
C14627,0,
C14628,0,
C14629,0,
C14630,0,
C14631,0,
C14632,0,
C14633,0,
C14634,0,
C14635,0,
C14636,1,2024-11-25
C14637,0,
C14638,0,
C14639,0,
C14640,0,
C14641,1,2024-07-20
C14642,0,
C14643,0,
C14644,0,
C14645,0,
C14646,1,2025-12-20
C14647,1,2024-02-09
C14648,0,
C14649,0,
C14650,0,
C14651,0,
C14652,0,
C14653,0,
C14654,0,
C14655,0,
C14656,0,
C14657,0,
C14658,0,
C14659,0,
C14660,0,
C14661,0,
C14662,0,
C14663,0,
C14664,0,
C14665,1,2025-09-03
C14666,0,
C14667,0,
C14668,0,
C14669,1,2025-11-07
C14670,0,
C14671,0,
C14672,1,2023-05-12
C14673,0,
C14674,0,
C14675,0,
C14676,1,2025-03-08
C14677,0,
C14678,0,
C14679,1,2025-11-01
C14680,0,
C14681,0,
C14682,0,
C14683,0,
C14684,0,
C14685,0,
C14686,0,
C14687,0,
C14688,0,
C14689,1,2025-07-11
C14690,0,
C14691,0,
C14692,0,
C14693,0,
C14694,0,
C14695,0,
C14696,0,
C14697,1,2025-12-17
C14698,0,
C14699,0,
C14700,0,
C14701,1,2023-12-25
C14702,0,
C14703,0,
C14704,0,
C14705,0,
C14706,0,
C14707,0,
C14708,0,
C14709,0,
C14710,0,
C14711,0,
C14712,1,2025-10-28
C14713,0,
C14714,0,
C14715,0,
C14716,0,
C14717,0,
C14718,0,
C14719,1,2025-07-20
C14720,1,2025-12-25
C14721,0,
C14722,0,
C14723,0,
C14724,0,
C14725,0,
C14726,0,
C14727,0,
C14728,0,
C14729,0,
C14730,0,
C14731,0,
C14732,0,
C14733,1,2025-01-24
C14734,1,2025-03-21
C14735,0,
C14736,0,
C14737,0,
C14738,1,2025-12-10
C14739,0,
C14740,0,
C14741,1,2025-05-21
C14742,0,
C14743,0,
C14744,1,2025-06-19
C14745,0,
C14746,1,2025-07-05
C14747,0,
C14748,1,2025-10-16
C14749,0,
C14750,0,
C14751,0,
C14752,0,
C14753,0,
C14754,0,
C14755,0,
C14756,1,2023-08-09
C14757,0,
C14758,0,
C14759,0,
C14760,1,2025-07-27
C14761,0,
C14762,1,2024-03-25
C14763,0,
C14764,1,2024-03-22
C14765,0,
C14766,0,
C14767,0,
C14768,0,
C14769,0,
C14770,0,
C14771,1,2025-02-16
C14772,0,
C14773,0,
C14774,0,
C14775,0,
C14776,1,2024-11-04
C14777,1,2024-09-30
C14778,0,
C14779,0,
C14780,0,
C14781,1,2023-04-03
C14782,0,
C14783,0,
C14784,0,
C14785,1,2025-04-01
C14786,0,
C14787,0,
C14788,0,
C14789,0,
C14790,0,
C14791,0,
C14792,0,
C14793,1,2025-10-29
C14794,0,
C14795,0,
C14796,0,
C14797,0,
C14798,0,
C14799,0,
C14800,0,
C14801,1,2025-08-10
C14802,0,
C14803,0,
C14804,0,
C14805,0,
C14806,0,
C14807,0,
C14808,1,2025-09-16
C14809,0,
C14810,1,2025-11-03
C14811,0,
C14812,0,
C14813,0,
C14814,0,
C14815,1,2022-04-09
C14816,1,2024-06-27
C14817,1,2025-06-21
C14818,0,
C14819,0,
C14820,0,
C14821,0,
C14822,0,
C14823,0,
C14824,0,
C14825,0,
C14826,0,
C14827,0,
C14828,0,
C14829,0,
C14830,0,
C14831,0,
C14832,1,2023-03-08
C14833,0,
C14834,1,2025-03-18
C14835,0,
C14836,0,
C14837,0,
C14838,1,2025-11-30
C14839,0,
C14840,1,2024-01-15
C14841,0,
C14842,0,
C14843,0,
C14844,0,
C14845,0,
C14846,0,
C14847,1,2024-07-20
C14848,0,
C14849,0,
C14850,0,
C14851,0,
C14852,1,2025-11-13
C14853,1,2025-11-15
C14854,0,
C14855,0,
C14856,1,2025-07-22
C14857,0,
C14858,0,
C14859,0,
C14860,0,
C14861,0,
C14862,0,
C14863,0,
C14864,0,
C14865,0,
C14866,0,
C14867,0,
C14868,0,
C14869,0,
C14870,0,
C14871,1,2025-06-21
C14872,0,
C14873,1,2022-07-17
C14874,0,
C14875,0,
C14876,0,
C14877,0,
C14878,0,
C14879,1,2025-06-29
C14880,0,
C14881,0,
C14882,0,
C14883,0,
C14884,0,
C14885,0,
C14886,0,
C14887,0,
C14888,0,
C14889,0,
C14890,0,
C14891,0,
C14892,0,
C14893,0,
C14894,0,
C14895,0,
C14896,0,
C14897,1,2025-08-28
C14898,0,
C14899,1,2025-11-08
C14900,0,
C14901,0,
C14902,0,
C14903,1,2025-01-07
C14904,0,
C14905,0,
C14906,1,2024-08-23
C14907,0,
C14908,1,2025-10-08
C14909,0,
C14910,0,
C14911,0,
C14912,1,2025-03-27
C14913,0,
C14914,0,
C14915,0,
C14916,0,
C14917,0,
C14918,0,
C14919,1,2025-04-17
C14920,0,
C14921,0,
C14922,1,2024-12-04
C14923,0,
C14924,0,
C14925,0,
C14926,0,
C14927,1,2024-11-25
C14928,1,2025-09-10
C14929,1,2025-11-23
C14930,0,
C14931,0,
C14932,0,
C14933,0,
C14934,0,
C14935,0,
C14936,0,
C14937,0,
C14938,0,
C14939,0,
C14940,0,
C14941,0,
C14942,0,
C14943,0,
C14944,0,
C14945,0,
C14946,0,
C14947,0,
C14948,0,
C14949,0,
C14950,0,
C14951,1,2024-05-12
C14952,1,2025-04-20
C14953,0,
C14954,0,
C14955,0,
C14956,0,
C14957,0,
C14958,1,2025-09-17
C14959,0,
C14960,0,
C14961,1,2024-06-06
C14962,0,
C14963,0,
C14964,0,
C14965,0,
C14966,1,2024-08-26
C14967,1,2025-07-05
C14968,0,
C14969,0,
C14970,0,
C14971,1,2024-07-19
C14972,1,2022-10-07
C14973,0,
C14974,0,
C14975,1,2025-07-10
C14976,0,
C14977,1,2024-12-15
C14978,0,
C14979,0,
C14980,0,
C14981,1,2023-08-18
C14982,0,
C14983,0,
C14984,0,
C14985,0,
C14986,0,
C14987,0,
C14988,1,2024-09-16
C14989,1,2023-06-06
C14990,1,2024-04-01
C14991,0,
C14992,0,
C14993,0,
C14994,0,
C14995,0,
C14996,0,
C14997,1,2023-07-12
C14998,0,
C14999,0,
C15000,1,2025-12-06
